Event,Division,Date,Time,Field #,Field,Stage,Game Detail,Team,Opponent,Goals,Offence Time,Offence Goals,TOs,Spirit TOs,Rules,Fouls,Fair,Pos,Comm,Total
2018-WMUCC,M-M,2018-07-29,17:30,Arena,Showcase,Group,A4 vs A2,SUN,Quantum,,,,,,2,2,3,3,2,12
2018-WMUCC,M-M,2018-07-29,17:30,Arena,Showcase,Group,A4 vs A2,Quantum,SUN,,,,,,2,2,3,3,3,13
2018-WMUCC,GM-M,2018-07-30,9:30,1,Normal,Group,B4 vs B7,Shadows,UP-Korea,,,,,,2,3,3,4,3,15
2018-WMUCC,GM-M,2018-07-30,9:30,1,Normal,Group,B4 vs B7,UP-Korea,Shadows,,,,,,2,3,2,2,2,11
2018-WMUCC,M-X,2018-07-30,9:30,2,Normal,Group,B1 vs B4,Members Only,Aoteaora Eh,,,,,,2,3,3,3,2,13
2018-WMUCC,M-X,2018-07-30,9:30,2,Normal,Group,B1 vs B4,Aoteaora Eh,Members Only,,,,,,2,2,3,2,2,11
2018-WMUCC,M-X,2018-07-30,9:30,3,Normal,Group,A2 vs A5,Fine Wine,Bingo & Chill,,,,,,2,2,3,2,2,11
2018-WMUCC,M-X,2018-07-30,9:30,3,Normal,Group,A2 vs A5,Bingo & Chill,Fine Wine,,,,,,2,2,3,3,2,12
2018-WMUCC,M-X,2018-07-30,9:30,4,Normal,Group,C2 vs C5,Uknighted,Medellin,,,,,,2,2,3,3,2,12
2018-WMUCC,M-X,2018-07-30,9:30,4,Normal,Group,C2 vs C5,Medellin,Uknighted,,,,,,2,2,2,2,2,10
2018-WMUCC,M-X,2018-07-30,9:30,5,Normal,Group,A1 vs A4,UPAARP,Grey BH,,,,,,3,2,3,3,2,13
2018-WMUCC,M-X,2018-07-30,9:30,5,Normal,Group,A1 vs A4,Grey BH,UPAARP,,,,,,2,2,2,3,2,11
2018-WMUCC,M-X,2018-07-30,9:30,6,Normal,Group,B2 vs B5,Wasabi,Spectrum,,,,,,1,2,3,3,2,11
2018-WMUCC,M-X,2018-07-30,9:30,6,Normal,Group,B2 vs B5,Spectrum,Wasabi,,,,,,3,2,3,3,3,14
2018-WMUCC,M-X,2018-07-30,9:30,7,Normal,Group,D6 vs D1,UFO,Hey Babe,,,,,,2,2,4,4,4,16
2018-WMUCC,M-X,2018-07-30,9:30,7,Normal,Group,D6 vs D1,Hey Babe,UFO,,,,,,3,2,3,3,2,13
2018-WMUCC,M-X,2018-07-30,9:30,8,Normal,Group,D4 vs D2,2600,Penguin Village,,,,,,3,2,2,2,2,11
2018-WMUCC,M-X,2018-07-30,9:30,8,Normal,Group,D4 vs D2,Penguin Village,2600,,,,,,2,2,2,2,2,10
2018-WMUCC,M-X,2018-07-30,9:30,9,Normal,Group,D5 vs D3,Masala Magic,San Francisco Bridge Club,,,,,,1,2,2,3,1,9
2018-WMUCC,M-X,2018-07-30,9:30,9,Normal,Group,D5 vs D3,San Francisco Bridge Club,Masala Magic,,,,,,4,3,2,3,2,14
2018-WMUCC,GM-M,2018-07-30,9:30,10,Normal,Group,A5 vs A1,Surly GM,Grave Britain,,,,,,2,3,3,3,2,13
2018-WMUCC,GM-M,2018-07-30,9:30,10,Normal,Group,A5 vs A1,Grave Britain,Surly GM,,,,,,2,2,3,3,3,13
2018-WMUCC,GM-M,2018-07-30,9:30,11,Normal,Group,A6 vs A4,Reckon,Shutdown,,,,,,2,2,3,3,2,12
2018-WMUCC,GM-M,2018-07-30,9:30,11,Normal,Group,A6 vs A4,Shutdown,Reckon,,,,,,3,3,4,3,3,16
2018-WMUCC,GM-M,2018-07-30,9:30,12,Normal,Group,A7 vs A3,Big Bombers,Get Off My Lawn,,,,,,2,3,3,2,2,12
2018-WMUCC,GM-M,2018-07-30,9:30,12,Normal,Group,A7 vs A3,Get Off My Lawn,Big Bombers,,,,,,3,3,4,4,3,17
2018-WMUCC,GM-M,2018-07-30,9:30,13,Normal,Group,B6 vs B1,KalaKala,Tombstone,,,,,,2,1,3,2,3,11
2018-WMUCC,GM-M,2018-07-30,9:30,13,Normal,Group,B6 vs B1,Tombstone,KalaKala,,,,,,3,3,3,2,3,14
2018-WMUCC,GM-M,2018-07-30,9:30,14,Normal,Group,B2 vs B5,Johnny Walker,Grand Masters of the Universe,,,,,,2,3,3,3,2,13
2018-WMUCC,GM-M,2018-07-30,9:30,14,Normal,Group,B2 vs B5,Grand Masters of the Universe,Johnny Walker,,,,,,3,2,3,3,2,13
2018-WMUCC,GM-M,2018-07-30,9:30,15,Normal,Group,B3 vs B8,Beers,TRex,,,,,,2,2,2,3,3,12
2018-WMUCC,GM-M,2018-07-30,9:30,15,Normal,Group,B3 vs B8,TRex,Beers,,,,,,2,3,3,4,3,15
2018-WMUCC,M-X,2018-07-30,9:30,16,Normal,Group,C1 vs C4,512,Banana Cream Pie,,,,,,2,1,3,2,1,9
2018-WMUCC,M-X,2018-07-30,9:30,16,Normal,Group,C1 vs C4,Banana Cream Pie,512,,,,,,2,1,2,1,2,8
2018-WMUCC,M-W,2018-07-30,11:30,1,Normal,Group,B4 vs B7,Molly Grey,Thrift Shop,,,,,,3,2,2,3,2,12
2018-WMUCC,M-W,2018-07-30,11:30,1,Normal,Group,B4 vs B7,Thrift Shop,Molly Grey,,,,,,2,2,2,3,2,11
2018-WMUCC,M-M,2018-07-30,11:30,2,Normal,Group,B1 vs B4,NSOM,Raging Bananas,,,,,,3,3,3,3,3,15
2018-WMUCC,M-M,2018-07-30,11:30,2,Normal,Group,B1 vs B4,Raging Bananas,NSOM,,,,,,2,2,3,3,2,12
2018-WMUCC,M-M,2018-07-30,11:30,3,Normal,Group,A5 vs A1,Johnny Encore,Men’s Masters Mexico,,,,,,2,3,3,3,2,13
2018-WMUCC,M-M,2018-07-30,11:30,3,Normal,Group,A5 vs A1,Men’s Masters Mexico,Johnny Encore,,,,,,2,2,2,3,3,12
2018-WMUCC,M-M,2018-07-30,11:30,4,Normal,Group,C2 vs C5,Wolpertinger,Carbon,,,,,,2,2,2,3,2,11
2018-WMUCC,M-M,2018-07-30,11:30,4,Normal,Group,C2 vs C5,Carbon,Wolpertinger,,,,,,2,2,2,3,3,12
2018-WMUCC,M-M,2018-07-30,11:30,5,Normal,Group,C1 vs C4,Rest Stop,Crawl,,,,,,2,3,3,3,3,14
2018-WMUCC,M-M,2018-07-30,11:30,5,Normal,Group,C1 vs C4,Crawl,Rest Stop,,,,,,2,2,3,2,2,11
2018-WMUCC,M-M,2018-07-30,11:30,6,Normal,Group,B2 vs B5,Queen City Kings,Surly,,,,,,3,2,2,2,2,11
2018-WMUCC,M-M,2018-07-30,11:30,6,Normal,Group,B2 vs B5,Surly,Queen City Kings,,,,,,2,2,1,2,2,9
2018-WMUCC,M-M,2018-07-30,11:30,7,Normal,Group,D6 vs D1,All Bashed Out,Iron Crow,,,,,,2,2,2,3,2,11
2018-WMUCC,M-M,2018-07-30,11:30,7,Normal,Group,D6 vs D1,Iron Crow,All Bashed Out,,,,,,2,2,2,3,2,11
2018-WMUCC,M-M,2018-07-30,11:30,8,Normal,Group,D4 vs D2,Best Before,Osaka Kings,,,,,,1,3,3,2,2,11
2018-WMUCC,M-M,2018-07-30,11:30,8,Normal,Group,D4 vs D2,Osaka Kings,Best Before,,,,,,2,1,2,2,3,10
2018-WMUCC,M-M,2018-07-30,11:30,9,Normal,Group,D5 vs D3,OUCH,DUFF Stout,,,,,,2,2,2,3,3,12
2018-WMUCC,M-M,2018-07-30,11:30,9,Normal,Group,D5 vs D3,DUFF Stout,OUCH,,,,,,2,2,3,3,3,13
2018-WMUCC,M-W,2018-07-30,11:30,10,Normal,Group,A5 vs A1,Loose Cannon,Vintage,,,,,,2,1,2,1,3,9
2018-WMUCC,M-W,2018-07-30,11:30,10,Normal,Group,A5 vs A1,Vintage,Loose Cannon,,,,,,1,2,2,1,2,8
2018-WMUCC,M-W,2018-07-30,11:30,11,Normal,Group,A6 vs A4,Quasar,Dyna,,,,,,2,2,3,3,2,12
2018-WMUCC,M-W,2018-07-30,11:30,11,Normal,Group,A6 vs A4,Dyna,Quasar,,,,,,1,2,2,2,2,9
2018-WMUCC,M-W,2018-07-30,11:30,12,Normal,Group,A7 vs A3,Samsui,iRot,,,,,,2,3,2,2,2,11
2018-WMUCC,M-W,2018-07-30,11:30,12,Normal,Group,A7 vs A3,iRot,Samsui,,,,,,2,3,2,3,2,12
2018-WMUCC,M-W,2018-07-30,11:30,13,Normal,Group,B6 vs B1,Silver Foxes,Surly COUGARS,,,,,,2,2,2,2,2,10
2018-WMUCC,M-W,2018-07-30,11:30,13,Normal,Group,B6 vs B1,Surly COUGARS,Silver Foxes,,,,,,2,1,2,3,2,10
2018-WMUCC,M-W,2018-07-30,11:30,14,Normal,Group,B2 vs B5,Mu-Syozoku,Eclipse,,,,,,2,2,2,3,3,12
2018-WMUCC,M-W,2018-07-30,11:30,14,Normal,Group,B2 vs B5,Eclipse,Mu-Syozoku,,,,,,2,2,2,3,2,11
2018-WMUCC,M-W,2018-07-30,11:30,15,Normal,Group,B3 vs B8,Mint,lowercase,,,,,,2,1,2,2,2,9
2018-WMUCC,M-W,2018-07-30,11:30,15,Normal,Group,B3 vs B8,lowercase,Mint,,,,,,2,2,2,3,2,11
2018-WMUCC,M-M,2018-07-30,11:30,16,Normal,Group,A2 vs A3,SUN,Torque,,,,,,1,1,1,2,1,6
2018-WMUCC,M-M,2018-07-30,11:30,16,Normal,Group,A2 vs A3,Torque,SUN,,,,,,2,3,2,3,3,13
2018-WMUCC,GM-M,2018-07-30,14:00,1,Normal,Group,A2 vs A5,Grave Britain,Figjam,,,,,,2,2,2,2,2,10
2018-WMUCC,M-M,2018-07-30,14:00,1,Normal,Group,A2 vs A5,Figjam,Grave Britain,,,,,,2,3,3,2,3,13
2018-WMUCC,GM-M,2018-07-30,14:00,2,Normal,Group,A3 vs A4,Get Off My Lawn,Shutdown,,,,,,3,2,2,3,3,13
2018-WMUCC,GM-M,2018-07-30,14:00,2,Normal,Group,A3 vs A4,Shutdown,Get Off My Lawn,,,,,,2,3,3,3,3,14
2018-WMUCC,M-X,2018-07-30,14:00,3,Normal,Group,B2 vs B3,Wasabi,Mastadon,,,,,,1,1,1,2,3,8
2018-WMUCC,M-X,2018-07-30,14:00,3,Normal,Group,B2 vs B3,Mastadon,Wasabi,,,,,,2,2,3,3,2,12
2018-WMUCC,M-X,2018-07-30,14:00,4,Normal,Group,D2 vs D5,Penguin Village,Masala Magic,,,,,,2,2,2,2,2,10
2018-WMUCC,M-X,2018-07-30,14:00,4,Normal,Group,D2 vs D5,Masala Magic,Penguin Village,,,,,,1,1,2,2,2,8
2018-WMUCC,GM-M,2018-07-30,14:00,5,Normal,Group,B4 vs B2,Shadows,Johnny Walker,,,,,,2,2,2,2,3,11
2018-WMUCC,GM-M,2018-07-30,14:00,5,Normal,Group,B4 vs B2,Johnny Walker,Shadows,,,,,,2,2,2,3,3,12
2018-WMUCC,GM-M,2018-07-30,14:00,6,Normal,Group,B7 vs B5,UP-Korea,Grand Masters of the Universe,,,,,,3,2,2,3,3,13
2018-WMUCC,GM-M,2018-07-30,14:00,6,Normal,Group,B7 vs B5,Grand Masters of the Universe,UP-Korea,,,,,,2,3,3,3,3,14
2018-WMUCC,GM-M,2018-07-30,14:00,7,Normal,Group,B8 vs B6,TRex,KalaKala,,,,,,2,2,2,2,2,10
2018-WMUCC,GM-M,2018-07-30,14:00,7,Normal,Group,B8 vs B6,KalaKala,TRex,,,,,,2,3,3,3,2,13
2018-WMUCC,M-X,2018-07-30,14:00,8,Normal,Group,A5 vs A1,Bingo & Chill,UPAARP,,,,,,2,1,2,2,2,9
2018-WMUCC,M-X,2018-07-30,14:00,8,Normal,Group,A5 vs A1,UPAARP,Bingo & Chill,,,,,,2,1,2,2,2,9
2018-WMUCC,M-X,2018-07-30,14:00,9,Normal,Group,A2 vs A3,Fine Wine,Woodies,,,,,,2,2,2,3,2,11
2018-WMUCC,M-X,2018-07-30,14:00,9,Normal,Group,A2 vs A3,Woodies,Fine Wine,,,,,,1,2,3,2,2,10
2018-WMUCC,M-X,2018-07-30,14:00,10,Normal,Group,C5 vs C1,Medellin,512,,,,,,2,2,2,2,2,10
2018-WMUCC,M-X,2018-07-30,14:00,10,Normal,Group,C5 vs C1,512,Medellin,,,,,,2,3,3,4,3,15
2018-WMUCC,GM-M,2018-07-30,14:00,11,Normal,Group,A7 vs A1,Surly GM,Big Bombers,,,,,,1,3,2,3,2,11
2018-WMUCC,GM-M,2018-07-30,14:00,11,Normal,Group,A7 vs A1,Big Bombers,Surly GM,,,,,,2,3,3,2,3,13
2018-WMUCC,M-X,2018-07-30,14:00,12,Normal,Group,B5 vs B1,Spectrum,Members Only,,,,,,2,2,2,2,2,10
2018-WMUCC,M-X,2018-07-30,14:00,12,Normal,Group,B5 vs B1,Members Only,Spectrum,,,,,,2,2,2,2,2,10
2018-WMUCC,M-X,2018-07-30,14:00,13,Normal,Group,C2 vs C3,Uknighted,Molasses Disaster,,,,,,2,1,2,2,1,8
2018-WMUCC,M-X,2018-07-30,14:00,13,Normal,Group,C2 vs C3,Molasses Disaster,Uknighted,,,,,,2,2,3,3,3,13
2018-WMUCC,M-X,2018-07-30,14:00,14,Normal,Group,D4 vs D1,2600,Hey Babe,,,,,,2,2,2,2,2,10
2018-WMUCC,M-X,2018-07-30,14:00,14,Normal,Group,D4 vs D1,Hey Babe,2600,,,,,,2,3,3,3,3,14
2018-WMUCC,GM-M,2018-07-30,14:00,15,Normal,Group,B1 vs B3,Tombstone,Beers,,,,,,3,3,3,4,2,15
2018-WMUCC,GM-M,2018-07-30,14:00,15,Normal,Group,B1 vs B3,Beers,Tombstone,,,,,,2,2,2,2,2,10
2018-WMUCC,M-X,2018-07-30,14:00,16,Normal,Group,D3 vs D6,San Francisco Bridge Club,UFO,,,,,,2,1,2,3,3,11
2018-WMUCC,M-X,2018-07-30,14:00,16,Normal,Group,D3 vs D6,UFO,San Francisco Bridge Club,,,,,,2,2,2,2,2,10
2018-WMUCC,M-W,2018-07-30,16:00,1,Normal,Group,A2 vs A5,Ripe,Loose Cannon,,,,,,2,2,3,3,2,12
2018-WMUCC,M-W,2018-07-30,16:00,1,Normal,Group,A2 vs A5,Loose Cannon,Ripe,,,,,,2,2,2,2,2,10
2018-WMUCC,M-W,2018-07-30,16:00,2,Normal,Group,B8 vs B6,Mint,Silver Foxes,,,,,,2,2,2,3,2,11
2018-WMUCC,M-W,2018-07-30,16:00,2,Normal,Group,B8 vs B6,Silver Foxes,Mint,,,,,,1,2,2,2,2,9
2018-WMUCC,M-M,2018-07-30,16:00,3,Normal,Group,B2 vs B3,Boneyard,Surly,,,,,,2,2,3,3,2,12
2018-WMUCC,M-M,2018-07-30,16:00,3,Normal,Group,B2 vs B3,Surly,Boneyard,,,,,,2,2,2,3,2,11
2018-WMUCC,M-M,2018-07-30,16:00,4,Normal,Group,D2 vs D5,OUCH,Osaka Kings,,,,,,2,2,2,2,2,10
2018-WMUCC,M-M,2018-07-30,16:00,4,Normal,Group,D2 vs D5,Osaka Kings,OUCH,,,,,,2,2,3,3,2,12
2018-WMUCC,M-W,2018-07-30,16:00,5,Normal,Group,B4 vs B2,Molly Grey,Mu-Syozoku,,,,,,2,2,3,3,2,12
2018-WMUCC,M-W,2018-07-30,16:00,5,Normal,Group,B4 vs B2,Mu-Syozoku,Molly Grey,,,,,,2,2,2,2,2,10
2018-WMUCC,M-W,2018-07-30,16:00,6,Normal,Group,B7 vs B5,Thrift Shop,Eclipse,,,,,,1,2,2,2,2,9
2018-WMUCC,M-W,2018-07-30,16:00,6,Normal,Group,B7 vs B5,Eclipse,Thrift Shop,,,,,,2,2,2,2,2,10
2018-WMUCC,M-M,2018-07-30,16:00,8,Normal,Group,A5 vs A3,Men’s Masters Mexico,Torque,,,,,,2,1,2,2,2,9
2018-WMUCC,M-M,2018-07-30,16:00,8,Normal,Group,A5 vs A3,Torque,Men’s Masters Mexico,,,,,,2,3,3,3,2,13
2018-WMUCC,M-W,2018-07-30,16:00,9,Normal,Group,A7 vs A1,Vintage,Samsui,,,,,,2,2,2,3,2,11
2018-WMUCC,M-W,2018-07-30,16:00,9,Normal,Group,A7 vs A1,Samsui,Vintage,,,,,,2,2,2,2,2,10
2018-WMUCC,M-M,2018-07-30,16:00,10,Normal,Group,C5 vs C1,Rest Stop,Carbon,,,,,,3,2,4,3,3,15
2018-WMUCC,M-M,2018-07-30,16:00,10,Normal,Group,C5 vs C1,Carbon,Rest Stop,,,,,,2,2,2,2,2,10
2018-WMUCC,M-M,2018-07-30,16:00,11,Normal,Group,C2 vs C3,Wolpertinger,Men’s Masters Colombia,,,,,,2,2,3,3,3,13
2018-WMUCC,M-M,2018-07-30,16:00,11,Normal,Group,C2 vs C3,Men’s Masters Colombia,Wolpertinger,,,,,,2,2,2,2,3,11
2018-WMUCC,M-M,2018-07-30,16:00,12,Normal,Group,B5 vs B1,NSOM,Queen City Kings,,,,,,2,2,3,1,2,10
2018-WMUCC,M-M,2018-07-30,16:00,12,Normal,Group,B5 vs B1,Queen City Kings,NSOM,,,,,,2,2,2,2,3,11
2018-WMUCC,M-M,2018-07-30,16:00,13,Normal,Group,A1 vs A4,Johnny Encore,Quantum,,,,,,2,2,2,3,3,12
2018-WMUCC,M-M,2018-07-30,16:00,13,Normal,Group,A1 vs A4,Quantum,Johnny Encore,,,,,,2,2,2,3,3,12
2018-WMUCC,M-M,2018-07-30,16:00,14,Normal,Group,D4 vs D1,Best Before,All Bashed Out,,,,,,1,2,2,2,3,10
2018-WMUCC,M-M,2018-07-30,16:00,14,Normal,Group,D4 vs D1,All Bashed Out,Best Before,,,,,,2,2,2,2,2,10
2018-WMUCC,M-W,2018-07-30,16:00,15,Normal,Group,B1 vs B3,Surly COUGARS,lowercase,,,,,,1,2,2,2,2,9
2018-WMUCC,M-W,2018-07-30,16:00,15,Normal,Group,B1 vs B3,lowercase,Surly COUGARS,,,,,,2,2,1,2,1,8
2018-WMUCC,M-M,2018-07-30,16:00,16,Normal,Group,D3 vs D6,DUFF Stout,Iron Crow,,,,,,2,1,2,2,2,9
2018-WMUCC,M-M,2018-07-30,16:00,16,Normal,Group,D3 vs D6,Iron Crow,DUFF Stout,,,,,,2,2,2,2,2,10
2018-WMUCC,M-W,2018-07-30,19:00,Arena,Showcase,Group,A3 vs A4,Dyna,iRot,,,,,,2,3,3,3,2,13
2018-WMUCC,M-W,2018-07-30,19:00,Arena,Showcase,Group,A3 vs A4,iRot,Dyna,,,,,,3,3,3,2,2,13
2018-WMUCC,M-X,2018-07-31,9:30,1,Normal,Group,C3 va C1,Molasses Disaster,512,,,,,,2,1,2,2,1,8
2018-WMUCC,M-X,2018-07-31,9:30,1,Normal,Group,C3 vs C1,512,Molasses Disaster,,,,,,2,3,2,2,3,12
2018-WMUCC,M-X,2018-07-31,9:30,2,Normal,Group,B4 vs B5,Aoteaora Eh,Spectrum,,,,,,2,1,2,2,2,9
2018-WMUCC,M-X,2018-07-31,9:30,2,Normal,Group,B4 vs B5,Spectrum,Aoteaora Eh,,,,,,2,1,1,3,2,9
2018-WMUCC,GM-M,2018-07-31,9:30,3,Normal,Group,A1 vs A6,Surly GM,Reckon,,,,,,2,1,2,3,2,10
2018-WMUCC,GM-M,2018-07-31,9:30,3,Normal,Group,A1 vs A6,Reckon,Surly GM,,,,,,2,2,2,3,2,11
2018-WMUCC,GM-M,2018-07-31,9:30,4,Normal,Group,B2 vs B3,Johnny Walker,Beers,,,,,,3,3,3,4,3,16
2018-WMUCC,GM-M,2018-07-31,9:30,4,Normal,Group,B2 vs B3,Beers,Johnny Walker,,,,,,2,3,2,3,3,13
2018-WMUCC,M-X,2018-07-31,9:30,5,Normal,Group,D4 vs D5,2600,Masala Magic,,,,,,1,1,2,2,2,8
2018-WMUCC,M-X,2018-07-31,9:30,5,Normal,Group,D4 vs D5,Masala Magic,2600,,,,,,2,1,2,2,1,8
2018-WMUCC,M-X,2018-07-31,9:30,6,Normal,Group,A4 vs A5,Grey BH,Bingo & Chill,,,,,,2,2,2,3,2,11
2018-WMUCC,M-X,2018-07-31,9:30,6,Normal,Group,A4 vs A5,Bingo & Chill,Grey BH,,,,,,3,2,3,3,2,13
2018-WMUCC,M-X,2018-07-31,9:30,7,Normal,Group,A3 vs A1,UPAARP,Woodies,,,,,,2,2,2,3,3,12
2018-WMUCC,M-X,2018-07-31,9:30,7,Normal,Group,A3 vs A1,Woodies,UPAARP,,,,,,2,2,3,2,3,12
2018-WMUCC,M-X,2018-07-31,9:30,8,Normal,Group,C4 vs C5,Banana Cream Pie,Medellin,,,,,,2,2,3,3,2,12
2018-WMUCC,M-X,2018-07-31,9:30,8,Normal,Group,C4 vs C5,Medellin,Banana Cream Pie,,,,,,2,1,2,2,2,9
2018-WMUCC,M-X,2018-07-31,9:30,9,Normal,Group,D1 vs D3,Hey Babe,San Francisco Bridge Club,,,,,,2,0,2,2,2,8
2018-WMUCC,M-X,2018-07-31,9:30,9,Normal,Group,D1 vs D3,San Francisco Bridge Club,Hey Babe,,,,,,2,2,2,1,1,8
2018-WMUCC,GM-M,2018-07-31,9:30,10,Normal,Group,B1 vs B4,Tombstone,Shadows,,,,,,3,2,2,4,2,13
2018-WMUCC,GM-M,2018-07-31,9:30,10,Normal,Group,B1 vs B4,Shadows,Tombstone,,,,,,2,2,2,2,3,11
2018-WMUCC,M-X,2018-07-31,9:30,11,Normal,Group,B3 va B1,Mastadon,Members Only,,,,,,2,1,2,3,2,10
2018-WMUCC,M-X,2018-07-31,9:30,11,Normal,Group,B3 vs B1,Members Only,Mastadon,,,,,,2,2,2,2,2,10
2018-WMUCC,GM-M,2018-07-31,9:30,12,Normal,Group,B5 vs B8,Grand Masters of the Universe,TRex,,,,,,3,2,3,2,2,12
2018-WMUCC,GM-M,2018-07-31,9:30,12,Normal,Group,B5 vs B8,TRex,Grand Masters of the Universe,,,,,,2,2,2,2,2,10
2018-WMUCC,GM-M,2018-07-31,9:30,13,Normal,Group,B6 vs B7,KalaKala,UP-Korea,,,,,,2,3,3,3,2,13
2018-WMUCC,GM-M,2018-07-31,9:30,13,Normal,Group,B6 vs B7,UP-Korea,KalaKala,,,,,,2,2,3,3,2,12
2018-WMUCC,M-X,2018-07-31,9:30,14,Normal,Group,D6 vs D2,Penguin Village,UFO,,,,,,2,2,2,2,2,10
2018-WMUCC,M-X,2018-07-31,9:30,14,Normal,Group,D6 vs D2,UFO,Penguin Village,,,,,,2,1,2,3,3,11
2018-WMUCC,GM-M,2018-07-31,9:30,15,Normal,Group,A7 vs A5,Grave Britain,Big Bombers,,,,,,2,2,3,3,3,13
2018-WMUCC,GM-M,2018-07-31,9:30,15,Normal,Group,A7 vs A5,Big Bombers,Grave Britain,,,,,,2,1,2,2,3,10
2018-WMUCC,GM-M,2018-07-31,9:30,16,Normal,Group,A2 vs A3,Get Off My Lawn,Figjam,,,,,,2,2,3,3,2,12
2018-WMUCC,M-M,2018-07-31,9:30,16,Normal,Group,A2 vs A3,Figjam,Get Off My Lawn,,,,,,2,2,3,2,2,11
2018-WMUCC,M-M,2018-07-31,11:30,1,Normal,Group,B4 vs B5,Queen City Kings,Raging Bananas,,,,,,2,3,3,2,2,12
2018-WMUCC,M-M,2018-07-31,11:30,1,Normal,Group,B4 vs B5,Raging Bananas,Queen City Kings,,,,,,2,1,3,2,3,11
2018-WMUCC,M-M,2018-07-31,11:30,2,Normal,Group,C3 va C1,Men’s Masters Colombia,Rest Stop,,,,,,2,1,2,2,2,9
2018-WMUCC,M-M,2018-07-31,11:30,2,Normal,Group,C3 vs C1,Rest Stop,Men’s Masters Colombia,,,,,,2,2,2,4,3,13
2018-WMUCC,M-W,2018-07-31,11:30,3,Normal,Group,A1 vs A6,Vintage,Quasar,,,,,,1,1,1,2,2,7
2018-WMUCC,M-W,2018-07-31,11:30,3,Normal,Group,A1 vs A6,Quasar,Vintage,,,,,,2,2,2,2,2,10
2018-WMUCC,M-W,2018-07-31,11:30,4,Normal,Group,B2 vs B3,Mu-Syozoku,lowercase,,,,,,2,2,2,2,2,10
2018-WMUCC,M-W,2018-07-31,11:30,4,Normal,Group,B2 vs B3,lowercase,Mu-Syozoku,,,,,,2,3,2,3,2,12
2018-WMUCC,M-M,2018-07-31,11:30,5,Normal,Group,D4 vs D5,Best Before,OUCH,,,,,,2,3,3,3,2,13
2018-WMUCC,M-M,2018-07-31,11:30,5,Normal,Group,D4 vs D5,OUCH,Best Before,,,,,,2,2,2,2,2,10
2018-WMUCC,M-M,2018-07-31,11:30,6,Normal,Group,A2 vs A5,SUN,Men’s Masters Mexico,,,,,,2,2,3,3,2,12
2018-WMUCC,M-M,2018-07-31,11:30,6,Normal,Group,A2 vs A5,Men’s Masters Mexico,SUN,,,,,,2,2,2,2,2,10
2018-WMUCC,M-M,2018-07-31,11:30,7,Normal,Group,A3 vs A1,Johnny Encore,Torque,,,,,,2,2,3,2,2,11
2018-WMUCC,M-M,2018-07-31,11:30,7,Normal,Group,A3 vs A1,Torque,Johnny Encore,,,,,,1,2,3,3,3,12
2018-WMUCC,M-M,2018-07-31,11:30,8,Normal,Group,C4 vs C5,Crawl,Carbon,,,,,,2,2,3,3,2,12
2018-WMUCC,M-M,2018-07-31,11:30,8,Normal,Group,C4 vs C5,Carbon,Crawl,,,,,,2,2,3,3,2,12
2018-WMUCC,M-M,2018-07-31,11:30,9,Normal,Group,B3 va B1,Boneyard,NSOM,,,,,,2,2,3,3,2,12
2018-WMUCC,M-M,2018-07-31,11:30,9,Normal,Group,B3 vs B1,NSOM,Boneyard,,,,,,2,3,3,3,3,14
2018-WMUCC,M-W,2018-07-31,11:30,10,Normal,Group,B1 vs B4,Surly COUGARS,Molly Grey,,,,,,2,1,2,2,2,9
2018-WMUCC,M-W,2018-07-31,11:30,10,Normal,Group,B1 vs B4,Molly Grey,Surly COUGARS,,,,,,3,1,2,2,1,9
2018-WMUCC,M-M,2018-07-31,11:30,11,Normal,Group,D1 vs D3,All Bashed Out,DUFF Stout,,,,,,2,3,3,3,2,13
2018-WMUCC,M-M,2018-07-31,11:30,11,Normal,Group,D1 vs D3,DUFF Stout,All Bashed Out,,,,,,2,2,3,3,3,13
2018-WMUCC,M-W,2018-07-31,11:30,12,Normal,Group,B5 vs B8,Mint,Eclipse,,,,,,2,2,2,2,2,10
2018-WMUCC,M-W,2018-07-31,11:30,12,Normal,Group,B5 vs B8,Eclipse,Mint,,,,,,2,2,2,2,2,10
2018-WMUCC,M-W,2018-07-31,11:30,13,Normal,Group,B6 vs B7,Silver Foxes,Thrift Shop,,,,,,2,2,2,2,2,10
2018-WMUCC,M-W,2018-07-31,11:30,13,Normal,Group,B6 vs B7,Thrift Shop,Silver Foxes,,,,,,2,3,2,3,2,12
2018-WMUCC,M-M,2018-07-31,11:30,14,Normal,Group,D6 vs D2,Iron Crow,Osaka Kings,,,,,,2,2,3,3,3,13
2018-WMUCC,M-M,2018-07-31,11:30,14,Normal,Group,D6 vs D2,Osaka Kings,Iron Crow,,,,,,2,2,2,2,2,10
2018-WMUCC,M-W,2018-07-31,11:30,15,Normal,Group,A7 vs A5,Loose Cannon,Samsui,,,,,,3,2,3,2,2,12
2018-WMUCC,M-W,2018-07-31,11:30,15,Normal,Group,A7 vs A5,Samsui,Loose Cannon,,,,,,1,2,2,2,1,8
2018-WMUCC,M-W,2018-07-31,11:30,16,Normal,Group,A2 vs A3,Ripe,iRot,,,,,,2,2,1,2,3,10
2018-WMUCC,M-W,2018-07-31,11:30,16,Normal,Group,A2 vs A3,iRot,Ripe,,,,,,1,2,3,2,2,10
2018-WMUCC,GM-M,2018-07-31,14:00,1,Normal,Group,B1 vs B5,Grand Masters of the Universe,Tombstone,,,,,,2,2,3,2,3,12
2018-WMUCC,GM-M,2018-07-31,14:00,1,Normal,Group,B1 vs B5,Tombstone,Grand Masters of the Universe,,,,,,2,2,2,3,2,11
2018-WMUCC,M-X,2018-07-31,14:00,2,Normal,Group,D6 vs D4,UFO,2600,,,,,,2,2,3,2,3,12
2018-WMUCC,M-X,2018-07-31,14:00,2,Normal,Group,D6 vs D4,2600,UFO,,,,,,1,1,2,2,2,8
2018-WMUCC,M-X,2018-07-31,14:00,3,Normal,Group,C4 vs C2,Banana Cream Pie,Uknighted,,,,,,2,1,2,3,2,10
2018-WMUCC,M-X,2018-07-31,14:00,3,Normal,Group,C4 vs C2,Uknighted,Banana Cream Pie,,,,,,1,2,1,2,2,8
2018-WMUCC,M-X,2018-07-31,14:00,4,Normal,Group,D1 vs D5,Hey Babe,Masala Magic,,,,,,3,2,2,3,3,13
2018-WMUCC,M-X,2018-07-31,14:00,4,Normal,Group,D1 vs D5,Masala Magic,Hey Babe,,,,,,2,2,2,3,2,11
2018-WMUCC,GM-M,2018-07-31,14:00,5,Normal,Group,A2 vs A7,Big Bombers,Figjam,,,,,,1,2,2,2,2,9
2018-WMUCC,M-M,2018-07-31,14:00,5,Normal,Group,A2 vs A7,Figjam,Big Bombers,,,,,,2,2,2,3,2,11
2018-WMUCC,GM-M,2018-07-31,14:00,6,Normal,Group,A6 vs A3,Reckon,Get Off My Lawn,,,,,,2,3,2,3,2,12
2018-WMUCC,GM-M,2018-07-31,14:00,6,Normal,Group,A6 vs A3,Get Off My Lawn,Reckon,,,,,,2,2,3,3,2,12
2018-WMUCC,GM-M,2018-07-31,14:00,7,Normal,Group,A4 vs A5,Shutdown,Grave Britain,,,,,,2,3,4,3,2,14
2018-WMUCC,GM-M,2018-07-31,14:00,7,Normal,Group,A4 vs A5,Grave Britain,Shutdown,,,,,,2,2,3,3,2,12
2018-WMUCC,M-X,2018-07-31,14:00,8,Normal,Group,B4 vs B2,Aoteaora Eh,Wasabi,,,,,,2,2,3,3,3,13
2018-WMUCC,M-X,2018-07-31,14:00,8,Normal,Group,B4 vs B2,Wasabi,Aoteaora Eh,,,,,,2,2,2,3,3,12
2018-WMUCC,M-X,2018-07-31,14:00,9,Normal,Group,B5 vs B3,Mastadon,Spectrum,,,,,,2,2,2,3,2,11
2018-WMUCC,M-X,2018-07-31,14:00,9,Normal,Group,B5 vs B3,Spectrum,Mastadon,,,,,,2,1,2,3,3,11
2018-WMUCC,GM-M,2018-07-31,14:00,10,Normal,Group,B3 vs B7,Beers,UP-Korea,,,,,,2,2,2,2,2,10
2018-WMUCC,GM-M,2018-07-31,14:00,10,Normal,Group,B3 vs B7,UP-Korea,Beers,,,,,,1,2,2,3,2,10
2018-WMUCC,M-X,2018-07-31,14:00,11,Normal,Group,D2 vs D3,Penguin Village,San Francisco Bridge Club,,,,,,2,2,2,2,2,10
2018-WMUCC,M-X,2018-07-31,14:00,11,Normal,Group,D2 vs D3,San Francisco Bridge Club,Penguin Village,,,,,,3,3,3,3,4,16
2018-WMUCC,GM-M,2018-07-31,14:00,12,Normal,Group,B4 vs B8,Shadows,TRex,,,,,,2,3,4,4,3,16
2018-WMUCC,GM-M,2018-07-31,14:00,12,Normal,Group,B4 vs B8,TRex,Shadows,,,,,,2,1,2,2,2,9
2018-WMUCC,M-X,2018-07-31,14:00,14,Normal,Group,A5 vs A3,Bingo & Chill,Woodies,,,,,,2,1,2,1,2,8
2018-WMUCC,M-X,2018-07-31,14:00,14,Normal,Group,A5 vs A3,Woodies,Bingo & Chill,,,,,,1,3,2,3,2,11
2018-WMUCC,GM-M,2018-07-31,14:00,15,Normal,Group,B2 vs B6,Johnny Walker,KalaKala,,,,,,2,2,2,2,2,10
2018-WMUCC,GM-M,2018-07-31,14:00,15,Normal,Group,B2 vs B6,KalaKala,Johnny Walker,,,,,,1,1,1,2,1,6
2018-WMUCC,M-X,2018-07-31,14:00,16,Normal,Group,C5 vs C3,Medellin,Molasses Disaster,,,,,,2,0,2,2,2,8
2018-WMUCC,M-X,2018-07-31,14:00,16,Normal,Group,C5 vs C3,Molasses Disaster,Medellin,,,,,,2,2,2,3,4,13
2018-WMUCC,M-W,2018-07-31,16:00,1,Normal,Group,B1 vs B5,Surly COUGARS,Eclipse,,,,,,1,2,1,3,2,9
2018-WMUCC,M-W,2018-07-31,16:00,1,Normal,Group,B1 vs B5,Eclipse,Surly COUGARS,,,,,,2,1,2,2,1,8
2018-WMUCC,M-M,2018-07-31,16:00,2,Normal,Group,D6 vs D4,Best Before,Iron Crow,,,,,,2,2,2,1,2,9
2018-WMUCC,M-M,2018-07-31,16:00,2,Normal,Group,D6 vs D4,Iron Crow,Best Before,,,,,,1,1,1,1,2,6
2018-WMUCC,M-M,2018-07-31,16:00,3,Normal,Group,C4 vs C2,Wolpertinger,Crawl,,,,,,1,2,3,2,3,11
2018-WMUCC,M-M,2018-07-31,16:00,3,Normal,Group,C4 vs C2,Crawl,Wolpertinger,,,,,,2,2,3,3,3,13
2018-WMUCC,M-M,2018-07-31,16:00,4,Normal,Group,D1 vs D5,All Bashed Out,OUCH,,,,,,2,3,3,4,2,14
2018-WMUCC,M-M,2018-07-31,16:00,4,Normal,Group,D1 vs D5,OUCH,All Bashed Out,,,,,,2,3,2,3,2,12
2018-WMUCC,M-W,2018-07-31,16:00,5,Normal,Group,A2 vs A7,Ripe,Samsui,,,,,,3,2,2,3,3,13
2018-WMUCC,M-W,2018-07-31,16:00,5,Normal,Group,A2 vs A7,Samsui,Ripe,,,,,,2,2,2,2,2,10
2018-WMUCC,M-W,2018-07-31,16:00,6,Normal,Group,A6 vs A3,Quasar,iRot,,,,,,2,2,2,3,2,11
2018-WMUCC,M-W,2018-07-31,16:00,6,Normal,Group,A6 vs A3,iRot,Quasar,,,,,,2,2,2,2,1,9
2018-WMUCC,M-W,2018-07-31,16:00,7,Normal,Group,A4 vs A5,Dyna,Loose Cannon,,,,,,2,1,2,2,1,8
2018-WMUCC,M-W,2018-07-31,16:00,7,Normal,Group,A4 vs A5,Loose Cannon,Dyna,,,,,,1,2,2,1,1,7
2018-WMUCC,M-M,2018-07-31,16:00,8,Normal,Group,B4 vs B2,Raging Bananas,Surly,,,,,,2,2,3,3,2,12
2018-WMUCC,M-M,2018-07-31,16:00,8,Normal,Group,B4 vs B2,Surly,Raging Bananas,,,,,,2,3,3,4,2,14
2018-WMUCC,M-M,2018-07-31,16:00,9,Normal,Group,B5 vs B3,Boneyard,Queen City Kings,,,,,,2,2,2,3,2,11
2018-WMUCC,M-M,2018-07-31,16:00,9,Normal,Group,B5 vs B3,Queen City Kings,Boneyard,,,,,,3,2,2,2,2,11
2018-WMUCC,M-W,2018-07-31,16:00,10,Normal,Group,B4 vs B8,Mint,Molly Grey,,,,,,2,1,2,2,1,8
2018-WMUCC,M-W,2018-07-31,16:00,10,Normal,Group,B4 vs B8,Molly Grey,Mint,,,,,,2,2,2,3,2,11
2018-WMUCC,M-M,2018-07-31,16:00,11,Normal,Group,D2 vs D3,DUFF Stout,Osaka Kings,,,,,,1,2,2,2,3,10
2018-WMUCC,M-M,2018-07-31,16:00,11,Normal,Group,D2 vs D3,Osaka Kings,DUFF Stout,,,,,,2,3,3,2,2,12
2018-WMUCC,M-W,2018-07-31,16:00,12,Normal,Group,B2 vs B6,Mu-Syozoku,Silver Foxes,,,,,,2,2,3,3,3,13
2018-WMUCC,M-W,2018-07-31,16:00,12,Normal,Group,B2 vs B6,Silver Foxes,Mu-Syozoku,,,,,,2,3,2,3,2,12
2018-WMUCC,M-M,2018-07-31,16:00,13,Normal,Group,A4 vs A5,Quantum,Men’s Masters Mexico,,,,,,2,2,3,3,2,12
2018-WMUCC,M-M,2018-07-31,16:00,13,Normal,Group,A4 vs A5,Men’s Masters Mexico,Quantum,,,,,,2,2,2,2,2,10
2018-WMUCC,M-W,2018-07-31,16:00,15,Normal,Group,B3 vs B7,Thrift Shop,lowercase,,,,,,2,1,2,2,2,9
2018-WMUCC,M-W,2018-07-31,16:00,15,Normal,Group,B3 vs B7,lowercase,Thrift Shop,,,,,,2,2,2,3,2,11
2018-WMUCC,M-M,2018-07-31,16:00,16,Normal,Group,C5 vs C3,Men’s Masters Colombia,Carbon,,,,,,2,2,3,3,2,12
2018-WMUCC,M-M,2018-07-31,16:00,16,Normal,Group,C5 vs C3,Carbon,Men’s Masters Colombia,,,,,,2,2,3,3,3,13
2018-WMUCC,M-X,2018-07-31,19:00,Arena,Showcase,Group,A4 vs A2,Fine Wine,Grey BH,,,,,,2,3,2,3,2,12
2018-WMUCC,M-X,2018-07-31,19:00,Arena,Showcase,Group,A4 vs A2,Grey BH,Fine Wine,,,,,,2,2,3,3,2,12
2018-WMUCC,M-M,2018-08-01,9:30,1,Normal,Group,A1 vs A2,Johnny Encore,SUN,,,,,,2,2,3,1,2,10
2018-WMUCC,M-M,2018-08-01,9:30,1,Normal,Group,A1 vs A2,SUN,Johnny Encore,,,,,,2,2,2,2,2,10
2018-WMUCC,M-M,2018-08-01,9:30,2,Normal,Group,A3 vs A4,Quantum,Torque,,,,,,2,2,2,2,2,10
2018-WMUCC,M-M,2018-08-01,9:30,2,Normal,Group,A3 vs A4,Torque,Quantum,,,,,,2,1,2,1,2,8
2018-WMUCC,M-W,2018-08-01,9:30,3,Normal,Group,B1 vs B2,Surly COUGARS,Mu-Syozoku,,,,,,3,2,4,4,3,16
2018-WMUCC,M-W,2018-08-01,9:30,3,Normal,Group,B1 vs B2,Mu-Syozoku,Surly COUGARS,,,,,,2,2,2,2,2,10
2018-WMUCC,M-W,2018-08-01,9:30,4,Normal,Group,B7 vs B8,Thrift Shop,Mint,,,,,,1,1,2,2,2,8
2018-WMUCC,M-W,2018-08-01,9:30,4,Normal,Group,B7 vs B8,Mint,Thrift Shop,,,,,,2,2,2,2,2,10
2018-WMUCC,M-M,2018-08-01,9:30,5,Normal,Group,B1 vs B2,NSOM,Surly,,,,,,2,2,2,2,3,11
2018-WMUCC,M-M,2018-08-01,9:30,5,Normal,Group,B1 vs B2,Surly,NSOM,,,,,,2,1,3,2,3,11
2018-WMUCC,M-M,2018-08-01,9:30,6,Normal,Group,B3 vs B4,Boneyard,Raging Bananas,,,,,,2,3,3,3,2,13
2018-WMUCC,M-M,2018-08-01,9:30,6,Normal,Group,B3 vs B4,Raging Bananas,Boneyard,,,,,,2,3,3,3,2,13
2018-WMUCC,M-M,2018-08-01,9:30,7,Normal,Group,D1 vs D2,All Bashed Out,Osaka Kings,,,,,,2,2,2,2,3,11
2018-WMUCC,M-M,2018-08-01,9:30,7,Normal,Group,D1 vs D2,Osaka Kings,All Bashed Out,,,,,,2,2,2,3,2,11
2018-WMUCC,M-M,2018-08-01,9:30,8,Normal,Group,D3 vs D4,Best Before,DUFF Stout,,,,,,2,3,2,3,2,12
2018-WMUCC,M-M,2018-08-01,9:30,8,Normal,Group,D3 vs D4,DUFF Stout,Best Before,,,,,,2,2,2,2,2,10
2018-WMUCC,M-M,2018-08-01,9:30,9,Normal,Group,D5 vs D6,OUCH,Iron Crow,,,,,,2,2,2,2,3,11
2018-WMUCC,M-M,2018-08-01,9:30,9,Normal,Group,D5 vs D6,Iron Crow,OUCH,,,,,,2,2,3,3,3,13
2018-WMUCC,M-W,2018-08-01,9:30,10,Normal,Group,A6 vs A7,Quasar,Samsui,,,,,,2,1,2,2,3,10
2018-WMUCC,M-W,2018-08-01,9:30,10,Normal,Group,A6 vs A7,Samsui,Quasar,,,,,,2,1,1,2,2,8
2018-WMUCC,M-W,2018-08-01,9:30,11,Normal,Group,A4 vs A2,Ripe,Dyna,,,,,,2,1,1,2,2,8
2018-WMUCC,M-W,2018-08-01,9:30,11,Normal,Group,A4 vs A2,Dyna,Ripe,,,,,,2,2,2,2,2,10
2018-WMUCC,M-W,2018-08-01,9:30,12,Normal,Group,A3 vs A1,iRot,Vintage,,,,,,3,2,3,2,3,13
2018-WMUCC,M-W,2018-08-01,9:30,12,Normal,Group,A3 vs A1,Vintage,iRot,,,,,,2,2,2,3,3,12
2018-WMUCC,M-W,2018-08-01,9:30,13,Normal,Group,B5 vs B6,Silver Foxes,Eclipse,,,,,,2,2,2,2,3,11
2018-WMUCC,M-W,2018-08-01,9:30,13,Normal,Group,B5 vs B6,Eclipse,Silver Foxes,,,,,,2,2,3,2,2,11
2018-WMUCC,M-W,2018-08-01,9:30,14,Normal,Group,B3 vs B4,Molly Grey,lowercase,,,,,,2,1,2,2,2,9
2018-WMUCC,M-W,2018-08-01,9:30,14,Normal,Group,B3 vs B4,lowercase,Molly Grey,,,,,,1,2,3,3,3,12
2018-WMUCC,M-M,2018-08-01,9:30,15,Normal,Group,C1 vs C2,Rest Stop,Wolpertinger,,,,,,2,2,2,3,3,12
2018-WMUCC,M-M,2018-08-01,9:30,15,Normal,Group,C1 vs C2,Wolpertinger,Rest Stop,,,,,,2,2,2,2,2,10
2018-WMUCC,M-M,2018-08-01,9:30,16,Normal,Group,C3 vs C4,Men’s Masters Colombia,Crawl,,,,,,1,2,3,3,2,11
2018-WMUCC,M-M,2018-08-01,9:30,16,Normal,Group,C3 vs C4,Crawl,Men’s Masters Colombia,,,,,,2,3,3,4,3,15
2018-WMUCC,M-X,2018-08-01,11:30,1,Normal,Group,A1 vs A2,UPAARP,Fine Wine,,,,,,1,1,2,3,2,9
2018-WMUCC,M-X,2018-08-01,11:30,1,Normal,Group,A1 vs A2,Fine Wine,UPAARP,,,,,,2,2,3,3,2,12
2018-WMUCC,M-X,2018-08-01,11:30,2,Normal,Group,A3 vs A4,Woodies,Grey BH,,,,,,2,2,3,3,2,12
2018-WMUCC,M-X,2018-08-01,11:30,2,Normal,Group,A3 vs A4,Grey BH,Woodies,,,,,,2,2,2,3,3,12
2018-WMUCC,GM-M,2018-08-01,11:30,3,Normal,Group,B1 vs B2,Tombstone,Johnny Walker,,,,,,2,2,1,2,2,9
2018-WMUCC,GM-M,2018-08-01,11:30,3,Normal,Group,B1 vs B2,Johnny Walker,Tombstone,,,,,,2,1,1,2,2,8
2018-WMUCC,GM-M,2018-08-01,11:30,4,Normal,Group,B7 vs B8,UP-Korea,TRex,,,,,,2,3,3,4,3,15
2018-WMUCC,GM-M,2018-08-01,11:30,4,Normal,Group,B7 vs B8,TRex,UP-Korea,,,,,,2,3,3,4,2,14
2018-WMUCC,M-X,2018-08-01,11:30,5,Normal,Group,B1 vs B2,Members Only,Wasabi,,,,,,2,3,2,4,2,13
2018-WMUCC,M-X,2018-08-01,11:30,5,Normal,Group,B1 vs B2,Wasabi,Members Only,,,,,,2,2,2,3,3,12
2018-WMUCC,M-X,2018-08-01,11:30,6,Normal,Group,B3 vs B4,Mastadon,Aoteaora Eh,,,,,,2,2,2,3,3,12
2018-WMUCC,M-X,2018-08-01,11:30,6,Normal,Group,B3 vs B4,Aoteaora Eh,Mastadon,,,,,,2,2,2,3,2,11
2018-WMUCC,M-X,2018-08-01,11:30,7,Normal,Group,D1 vs D2,Hey Babe,Penguin Village,,,,,,2,2,3,2,3,12
2018-WMUCC,M-X,2018-08-01,11:30,7,Normal,Group,D1 vs D2,Penguin Village,Hey Babe,,,,,,2,2,2,2,2,10
2018-WMUCC,M-X,2018-08-01,11:30,8,Normal,Group,D3 vs D4,San Francisco Bridge Club,2600,,,,,,3,2,2,3,3,13
2018-WMUCC,M-X,2018-08-01,11:30,8,Normal,Group,D3 vs D4,2600,San Francisco Bridge Club,,,,,,2,2,2,3,3,12
2018-WMUCC,M-X,2018-08-01,11:30,9,Normal,Group,D5 vs D6,Masala Magic,UFO,,,,,,2,2,3,3,2,12
2018-WMUCC,M-X,2018-08-01,11:30,9,Normal,Group,D5 vs D6,UFO,Masala Magic,,,,,,2,3,2,3,3,13
2018-WMUCC,GM-M,2018-08-01,11:30,10,Normal,Group,A6 vs A7,Reckon,Big Bombers,,,,,,2,3,2,3,2,12
2018-WMUCC,GM-M,2018-08-01,11:30,10,Normal,Group,A6 vs A7,Big Bombers,Reckon,,,,,,2,2,2,2,3,11
2018-WMUCC,GM-M,2018-08-01,11:30,11,Normal,Group,A4 vs A2,Shutdown,Figjam,,,,,,1,2,2,2,3,10
2018-WMUCC,M-M,2018-08-01,11:30,11,Normal,Group,A4 vs A2,Figjam,Shutdown,,,,,,1,2,2,2,3,10
2018-WMUCC,GM-M,2018-08-01,11:30,12,Normal,Group,A3 vs A1,Surly GM,Get Off My Lawn,,,,,,2,3,2,3,2,12
2018-WMUCC,GM-M,2018-08-01,11:30,12,Normal,Group,A3 vs A1,Get Off My Lawn,Surly GM,,,,,,2,2,2,3,3,12
2018-WMUCC,M-X,2018-08-01,11:30,13,Normal,Group,C1 vs C2,512,Uknighted,,,,,,3,2,2,3,2,12
2018-WMUCC,M-X,2018-08-01,11:30,13,Normal,Group,C1 vs C2,Uknighted,512,,,,,,2,2,2,3,2,11
2018-WMUCC,GM-M,2018-08-01,11:30,14,Normal,Group,B3 vs B4,Beers,Shadows,,,,,,3,3,3,3,2,14
2018-WMUCC,GM-M,2018-08-01,11:30,14,Normal,Group,B3 vs B4,Shadows,Beers,,,,,,2,3,4,4,3,16
2018-WMUCC,GM-M,2018-08-01,11:30,15,Normal,Group,B5 vs B6,Grand Masters of the Universe,KalaKala,,,,,,4,2,3,2,2,13
2018-WMUCC,GM-M,2018-08-01,11:30,15,Normal,Group,B5 vs B6,KalaKala,Grand Masters of the Universe,,,,,,2,1,2,3,2,10
2018-WMUCC,M-X,2018-08-01,11:30,16,Normal,Group,C3 vs C4,Molasses Disaster,Banana Cream Pie,,,,,,2,3,3,3,3,14
2018-WMUCC,M-X,2018-08-01,11:30,16,Normal,Group,C3 vs C4,Banana Cream Pie,Molasses Disaster,,,,,,2,2,2,3,2,11
2018-WMUCC,M-M,2018-08-01,14:00,1,Normal,Group,1A vs 4D,Johnny Encore,Iron Crow,,,,,,2,1,2,2,3,10
2018-WMUCC,M-M,2018-08-01,14:00,1,Normal,Group,1A vs 4D,Iron Crow,Johnny Encore,,,,,,2,2,3,3,2,12
2018-WMUCC,M-M,2018-08-01,14:00,2,Normal,Group,3B vs 2C,NSOM,Men’s Masters Colombia,,,,,,2,3,3,3,3,14
2018-WMUCC,M-M,2018-08-01,14:00,2,Normal,Group,3B vs 2C,Men’s Masters Colombia,NSOM,,,,,,2,1,2,2,2,9
2018-WMUCC,M-W,2018-08-01,14:00,3,Normal,Group,A1 vs A2,Vintage,Ripe,,,,,,2,1,1,2,1,7
2018-WMUCC,M-W,2018-08-01,14:00,3,Normal,Group,A1 vs A2,Ripe,Vintage,,,,,,2,1,2,2,2,9
2018-WMUCC,M-W,2018-08-01,14:00,4,Normal,Group,B4 vs B6,Molly Grey,Silver Foxes,,,,,,2,2,2,3,2,11
2018-WMUCC,M-W,2018-08-01,14:00,4,Normal,Group,B4 vs B6,Silver Foxes,Molly Grey,,,,,,2,2,2,2,2,10
2018-WMUCC,M-W,2018-08-01,14:00,5,Normal,Group,A4 vs A7,Dyna,Samsui,,,,,,2,2,2,3,2,11
2018-WMUCC,M-W,2018-08-01,14:00,5,Normal,Group,A4 vs A7,Samsui,Dyna,,,,,,2,1,2,2,1,8
2018-WMUCC,M-W,2018-08-01,14:00,6,Normal,Group,A5 vs A6,Loose Cannon,Quasar,,,,,,2,1,2,1,2,8
2018-WMUCC,M-W,2018-08-01,14:00,6,Normal,Group,A5 vs A6,Quasar,Loose Cannon,,,,,,1,2,1,2,2,8
2018-WMUCC,M-W,2018-08-01,14:00,7,Normal,Group,B2 vs B8,Mint,Mu-Syozoku,,,,,,3,3,3,4,3,16
2018-WMUCC,M-W,2018-08-01,14:00,7,Normal,Group,B2 vs B8,Mu-Syozoku,Mint,,,,,,2,2,2,3,3,12
2018-WMUCC,M-W,2018-08-01,14:00,8,Normal,Group,B3 vs B5,Eclipse,lowercase,,,,,,2,2,2,2,2,10
2018-WMUCC,M-W,2018-08-01,14:00,8,Normal,Group,B3 vs B5,lowercase,Eclipse,,,,,,2,2,2,2,2,10
2018-WMUCC,M-W,2018-08-01,14:00,9,Normal,Group,B1 vs B7,Surly COUGARS,Thrift Shop,,,,,,2,2,3,3,2,12
2018-WMUCC,M-W,2018-08-01,14:00,9,Normal,Group,B1 vs B7,Thrift Shop,Surly COUGARS,,,,,,1,2,2,3,2,10
2018-WMUCC,M-M,2018-08-01,14:00,10,Normal,Group,1D vs 4A,All Bashed Out,Quantum,,,,,,2,3,3,3,2,13
2018-WMUCC,M-M,2018-08-01,14:00,10,Normal,Group,1D vs 4A,Quantum,All Bashed Out,,,,,,3,3,3,3,2,14
2018-WMUCC,M-M,2018-08-01,14:00,11,Normal,Group,2B vs 3C,Crawl,Surly,,,,,,2,2,2,2,2,10
2018-WMUCC,M-M,2018-08-01,14:00,11,Normal,Group,2B vs 3C,Surly,Crawl,,,,,,3,3,2,3,3,14
2018-WMUCC,M-M,2018-08-01,14:00,12,Normal,Group,1B vs 4C,Boneyard,Carbon,,,,,,2,2,3,2,3,12
2018-WMUCC,M-M,2018-08-01,14:00,12,Normal,Group,1B vs 4C,Carbon,Boneyard,,,,,,2,2,2,2,2,10
2018-WMUCC,M-M,2018-08-01,14:00,13,Normal,Group,2D vs 3A,SUN,Osaka Kings,,,,,,2,3,3,2,2,12
2018-WMUCC,M-M,2018-08-01,14:00,13,Normal,Group,2D vs 3A,Osaka Kings,SUN,,,,,,2,3,2,2,2,11
2018-WMUCC,M-M,2018-08-01,14:00,14,Normal,Group,4B vs 1C,Queen City Kings,Rest Stop,,,,,,2,2,2,2,3,11
2018-WMUCC,M-M,2018-08-01,14:00,14,Normal,Group,4B vs 1C,Rest Stop,Queen City Kings,,,,,,2,2,2,2,2,10
2018-WMUCC,M-M,2018-08-01,14:00,15,Normal,Group,3D vs 2A,Best Before,Torque,,,,,,2,1,2,2,1,8
2018-WMUCC,M-M,2018-08-01,14:00,15,Normal,Group,3D vs 2A,Torque,Best Before,,,,,,1,2,2,2,1,8
2018-WMUCC,M-M,2018-08-01,14:00,16,Normal,Group,5A vs 5B,Men’s Masters Mexico,Raging Bananas,,,,,,2,2,2,3,3,12
2018-WMUCC,M-M,2018-08-01,14:00,16,Normal,Group,5A vs 5B,Raging Bananas,Men’s Masters Mexico,,,,,,2,3,3,2,2,12
2018-WMUCC,M-M,2018-08-01,14:00,17,Normal,Group,5D vs 5C,DUFF Stout,Wolpertinger,,,,,,2,2,3,3,2,12
2018-WMUCC,M-M,2018-08-01,14:00,17,Normal,Group,5D vs 5C,Wolpertinger,DUFF Stout,,,,,,3,2,2,3,2,12
2018-WMUCC,M-X,2018-08-01,16:00,1,Normal,Group,1A vs 4D,UFO,UPAARP,,,,,,2,2,2,3,3,12
2018-WMUCC,M-X,2018-08-01,16:00,1,Normal,Group,1A vs 4D,UPAARP,UFO,,,,,,3,2,2,3,2,12
2018-WMUCC,M-X,2018-08-01,16:00,2,Normal,Group,2C vs 3B,Molasses Disaster,Wasabi,,,,,,3,3,3,4,4,17
2018-WMUCC,M-X,2018-08-01,16:00,2,Normal,Group,2C vs 3B,Wasabi,Molasses Disaster,,,,,,2,2,2,3,2,11
2018-WMUCC,GM-M,2018-08-01,16:00,3,Normal,Group,A4 vs A7,Shutdown,Big Bombers,,,,,,3,4,4,4,2,17
2018-WMUCC,GM-M,2018-08-01,16:00,3,Normal,Group,A4 vs A7,Big Bombers,Shutdown,,,,,,1,2,2,2,2,9
2018-WMUCC,GM-M,2018-08-01,16:00,4,Normal,Group,B4 vs B6,Shadows,KalaKala,,,,,,2,2,3,2,2,11
2018-WMUCC,GM-M,2018-08-01,16:00,4,Normal,Group,B4 vs B6,KalaKala,Shadows,,,,,,3,2,3,3,3,14
2018-WMUCC,GM-M,2018-08-01,16:00,6,Normal,Group,A5 vs A6,Grave Britain,Reckon,,,,,,2,2,3,3,2,12
2018-WMUCC,GM-M,2018-08-01,16:00,6,Normal,Group,A5 vs A6,Reckon,Grave Britain,,,,,,3,2,2,2,3,12
2018-WMUCC,GM-M,2018-08-01,16:00,7,Normal,Group,B2 vs B8,Johnny Walker,TRex,,,,,,3,2,3,2,3,13
2018-WMUCC,GM-M,2018-08-01,16:00,7,Normal,Group,B2 vs B8,TRex,Johnny Walker,,,,,,2,3,3,2,3,13
2018-WMUCC,GM-M,2018-08-01,16:00,8,Normal,Group,B3 vs B5,Beers,Grand Masters of the Universe,,,,,,2,2,2,4,3,13
2018-WMUCC,GM-M,2018-08-01,16:00,8,Normal,Group,B3 vs B5,Grand Masters of the Universe,Beers,,,,,,3,2,4,4,3,16
2018-WMUCC,GM-M,2018-08-01,16:00,9,Normal,Group,B1 vs B7,Tombstone,UP-Korea,,,,,,2,3,3,3,3,14
2018-WMUCC,GM-M,2018-08-01,16:00,9,Normal,Group,B1 vs B7,UP-Korea,Tombstone,,,,,,2,3,3,3,2,13
2018-WMUCC,M-X,2018-08-01,16:00,10,Normal,Group,1D vs 4A,Bingo & Chill,San Francisco Bridge Club,,,,,,2,3,3,3,2,13
2018-WMUCC,M-X,2018-08-01,16:00,10,Normal,Group,1D vs 4A,San Francisco Bridge Club,Bingo & Chill,,,,,,2,3,3,3,2,13
2018-WMUCC,M-X,2018-08-01,16:00,11,Normal,Group,2B vs 3C,Mastadon,Banana Cream Pie,,,,,,1,1,4,2,2,10
2018-WMUCC,M-X,2018-08-01,16:00,11,Normal,Group,2B vs 3C,Banana Cream Pie,Mastadon,,,,,,2,1,3,2,2,10
2018-WMUCC,M-X,2018-08-01,16:00,12,Normal,Group,1B vs 4C,Uknighted,Members Only,,,,,,2,3,2,3,3,13
2018-WMUCC,M-X,2018-08-01,16:00,12,Normal,Group,1B vs 4C,Members Only,Uknighted,,,,,,3,2,2,2,2,11
2018-WMUCC,M-X,2018-08-01,16:00,13,Normal,Group,2D vs 3A,Hey Babe,Woodies,,,,,,2,1,2,1,2,8
2018-WMUCC,M-X,2018-08-01,16:00,13,Normal,Group,2D vs 3A,Woodies,Hey Babe,,,,,,2,3,3,4,2,14
2018-WMUCC,M-X,2018-08-01,16:00,14,Normal,Group,1C vs 4B,512,Spectrum,,,,,,2,3,3,4,2,14
2018-WMUCC,M-X,2018-08-01,16:00,14,Normal,Group,1C vs 4B,Spectrum,512,,,,,,2,3,3,3,2,13
2018-WMUCC,M-X,2018-08-01,16:00,15,Normal,Group,2A vs 3D,Fine Wine,Penguin Village,,,,,,1,2,3,2,2,10
2018-WMUCC,M-X,2018-08-01,16:00,15,Normal,Group,2A vs 3D,Penguin Village,Fine Wine,,,,,,2,2,2,2,2,10
2018-WMUCC,M-X,2018-08-01,16:00,16,Normal,Group,5A vs 5B,Aoteaora Eh,Grey BH,,,,,,2,2,3,3,2,12
2018-WMUCC,M-X,2018-08-01,16:00,16,Normal,Group,5A vs 5B,Grey BH,Aoteaora Eh,,,,,,1,2,2,3,2,10
2018-WMUCC,M-X,2018-08-01,16:00,18,Normal,Group,5C vs 5D,Masala Magic,Medellin,,,,,,2,2,3,3,2,12
2018-WMUCC,M-X,2018-08-01,16:00,18,Normal,Group,5C vs 5D,Medellin,Masala Magic,,,,,,2,2,3,2,2,11
2018-WMUCC,M-M,2018-08-01,19:00,Arena,Showcase,Group,A1 vs A2,Figjam,Surly GM,,,,,,2,1,2,1,2,8
2018-WMUCC,GM-M,2018-08-01,19:00,Arena,Showcase,Group,A1 vs A2,Surly GM,Figjam,,,,,,2,2,2,2,2,10
2018-WMUCC,M-M,2018-08-02,9:30,1,Normal,Playoff,QF 3,Boneyard,SUN,,,,,,2,2,2,2,2,10
2018-WMUCC,M-M,2018-08-02,9:30,1,Normal,Playoff,QF 3,SUN,Boneyard,,,,,,2,2,3,2,3,12
2018-WMUCC,M-M,2018-08-02,9:30,2,Normal,Playoff,QF 4,Rest Stop,Torque,,,,,,2,1,2,2,2,9
2018-WMUCC,M-M,2018-08-02,9:30,2,Normal,Playoff,QF 4,Torque,Rest Stop,,,,,,2,2,3,3,2,12
2018-WMUCC,M-W,2018-08-02,9:30,3,Normal,Group,A5 vs A3,Loose Cannon,iRot,,,,,,2,2,2,3,3,12
2018-WMUCC,M-W,2018-08-02,9:30,3,Normal,Group,A5 vs A3,iRot,Loose Cannon,,,,,,2,3,2,3,3,13
2018-WMUCC,M-W,2018-08-02,9:30,4,Normal,Group,B1 vs B8,Surly COUGARS,Mint,,,,,,2,2,2,2,2,10
2018-WMUCC,M-W,2018-08-02,9:30,4,Normal,Group,B1 vs B8,Mint,Surly COUGARS,,,,,,2,2,2,2,2,10
2018-WMUCC,M-W,2018-08-02,9:30,5,Normal,Group,A1 vs A4,Vintage,Dyna,,,,,,2,1,2,2,1,8
2018-WMUCC,M-W,2018-08-02,9:30,5,Normal,Group,A1 vs A4,Dyna,Vintage,,,,,,2,2,2,2,2,10
2018-WMUCC,M-W,2018-08-02,9:30,6,Normal,Group,A6 vs A2,Ripe,Quasar,,,,,,3,2,2,3,3,13
2018-WMUCC,M-W,2018-08-02,9:30,6,Normal,Group,A6 vs A2,Quasar,Ripe,,,,,,2,1,2,2,2,9
2018-WMUCC,M-W,2018-08-02,9:30,7,Normal,Group,B2 vs B7,Mu-Syozoku,Thrift Shop,,,,,,2,2,3,3,4,14
2018-WMUCC,M-W,2018-08-02,9:30,7,Normal,Group,B2 vs B7,Thrift Shop,Mu-Syozoku,,,,,,3,3,3,3,3,15
2018-WMUCC,M-M,2018-08-02,9:30,8,Normal,Playoff,Consolation QF 1,Men’s Masters Colombia,Iron Crow,,,,,,2,2,3,2,3,12
2018-WMUCC,M-M,2018-08-02,9:30,8,Normal,Playoff,Consolation QF 1,Iron Crow,Men’s Masters Colombia,,,,,,2,1,2,3,3,11
2018-WMUCC,M-M,2018-08-02,9:30,9,Normal,Playoff,Consolation QF 2,Quantum,Crawl,,,,,,3,2,2,3,3,13
2018-WMUCC,M-M,2018-08-02,9:30,9,Normal,Playoff,Consolation QF 2,Crawl,Quantum,,,,,,1,1,2,2,2,8
2018-WMUCC,M-M,2018-08-02,9:30,10,Normal,Playoff,Consolation QF 3,Carbon,Osaka Kings,,,,,,2,3,2,3,3,13
2018-WMUCC,M-M,2018-08-02,9:30,10,Normal,Playoff,Consolation QF 3,Osaka Kings,Carbon,,,,,,2,2,3,3,2,12
2018-WMUCC,M-M,2018-08-02,9:30,11,Normal,Playoff,Consolation QF 4,Best Before,Queen City Kings,,,,,,2,1,3,3,2,11
2018-WMUCC,M-M,2018-08-02,9:30,11,Normal,Playoff,Consolation QF 4,Queen City Kings,Best Before,,,,,,2,2,2,3,3,12
2018-WMUCC,M-M,2018-08-02,9:30,12,Normal,Playoff,QF 1,Johnny Encore,NSOM,,,,,,2,2,2,2,2,10
2018-WMUCC,M-M,2018-08-02,9:30,12,Normal,Playoff,QF 1,NSOM,Johnny Encore,,,,,,1,2,2,3,3,11
2018-WMUCC,M-M,2018-08-02,9:30,13,Normal,Playoff,QF 2,All Bashed Out,Surly,,,,,,2,2,2,2,2,10
2018-WMUCC,M-M,2018-08-02,9:30,13,Normal,Playoff,QF 2,Surly,All Bashed Out,,,,,,1,2,2,2,1,8
2018-WMUCC,M-M,2018-08-02,9:30,14,Normal,Group,A5 vs D6,Men’s Masters Mexico,OUCH,,,,,,3,2,2,3,2,12
2018-WMUCC,M-M,2018-08-02,9:30,14,Normal,Group,A5 vs D6,OUCH,Men’s Masters Mexico,,,,,,1,2,2,3,2,10
2018-WMUCC,M-M,2018-08-02,9:30,15,Normal,Group,B5 vs D5,Raging Bananas,DUFF Stout,,,,,,1,2,2,3,3,11
2018-WMUCC,M-M,2018-08-02,9:30,15,Normal,Group,B5 vs D5,DUFF Stout,Raging Bananas,,,,,,2,2,3,3,2,12
2018-WMUCC,M-W,2018-08-02,9:30,16,Normal,Group,B3 vs B6,Silver Foxes,lowercase,,,,,,2,2,2,2,2,10
2018-WMUCC,M-W,2018-08-02,9:30,16,Normal,Group,B3 vs B6,lowercase,Silver Foxes,,,,,,2,2,3,3,2,12
2018-WMUCC,M-W,2018-08-02,9:30,18,Normal,Group,B4 vs B5,Molly Grey,Eclipse,,,,,,2,2,2,3,3,12
2018-WMUCC,M-W,2018-08-02,9:30,18,Normal,Group,B4 vs B5,Eclipse,Molly Grey,,,,,,2,2,3,2,2,11
2018-WMUCC,M-X,2018-08-02,11:30,1,Normal,Playoff,QF 3,Members Only,Woodies,,,,,,3,1,2,2,2,10
2018-WMUCC,M-X,2018-08-02,11:30,1,Normal,Playoff,QF 3,Woodies,Members Only,,,,,,1,2,2,3,2,10
2018-WMUCC,M-X,2018-08-02,11:30,2,Normal,Playoff,QF 4,512,Fine Wine,,,,,,3,2,2,2,2,11
2018-WMUCC,M-X,2018-08-02,11:30,2,Normal,Playoff,QF 4,Fine Wine,512,,,,,,2,2,1,1,2,8
2018-WMUCC,GM-M,2018-08-02,11:30,3,Normal,Group,A5 vs A3,Get Off My Lawn,Grave Britain,,,,,,2,2,2,3,3,12
2018-WMUCC,GM-M,2018-08-02,11:30,3,Normal,Group,A5 vs A3,Grave Britain,Get Off My Lawn,,,,,,2,1,2,2,2,9
2018-WMUCC,GM-M,2018-08-02,11:30,4,Normal,Group,B1 vs B8,Tombstone,TRex,,,,,,2,3,3,3,3,14
2018-WMUCC,GM-M,2018-08-02,11:30,4,Normal,Group,B1 vs B8,TRex,Tombstone,,,,,,3,3,2,3,2,13
2018-WMUCC,GM-M,2018-08-02,11:30,5,Normal,Group,A1 vs A4,Surly GM,Shutdown,,,,,,1,2,2,2,1,8
2018-WMUCC,GM-M,2018-08-02,11:30,5,Normal,Group,A1 vs A4,Shutdown,Surly GM,,,,,,1,2,2,3,2,10
2018-WMUCC,GM-M,2018-08-02,11:30,6,Normal,Group,A6 vs A2,Reckon,Figjam,,,,,,2,2,2,2,2,10
2018-WMUCC,M-M,2018-08-02,11:30,6,Normal,Group,A6 vs A2,Figjam,Reckon,,,,,,2,2,2,2,3,11
2018-WMUCC,GM-M,2018-08-02,11:30,7,Normal,Group,B2 vs B7,Johnny Walker,UP-Korea,,,,,,2,2,3,3,3,13
2018-WMUCC,GM-M,2018-08-02,11:30,7,Normal,Group,B2 vs B7,UP-Korea,Johnny Walker,,,,,,2,2,2,2,3,11
2018-WMUCC,M-X,2018-08-02,11:30,8,Normal,Playoff,Consolation QF 1,UFO,Wasabi,,,,,,2,2,2,2,1,9
2018-WMUCC,M-X,2018-08-02,11:30,8,Normal,Playoff,Consolation QF 1,Wasabi,UFO,,,,,,1,1,1,2,1,6
2018-WMUCC,M-X,2018-08-02,11:30,9,Normal,Playoff,Consolation QF 2,Bingo & Chill,Banana Cream Pie,,,,,,2,2,2,2,1,9
2018-WMUCC,M-X,2018-08-02,11:30,9,Normal,Playoff,Consolation QF 2,Banana Cream Pie,Bingo & Chill,,,,,,2,1,2,2,1,8
2018-WMUCC,M-X,2018-08-02,11:30,10,Normal,Playoff,Consolation QF 3,Hey Babe,Uknighted,,,,,,3,1,2,2,4,12
2018-WMUCC,M-X,2018-08-02,11:30,10,Normal,Playoff,Consolation QF 3,Uknighted,Hey Babe,,,,,,1,2,2,2,1,8
2018-WMUCC,M-X,2018-08-02,11:30,11,Normal,Playoff,Consolation QF 4,Spectrum,Penguin Village,,,,,,2,1,2,2,2,9
2018-WMUCC,M-X,2018-08-02,11:30,11,Normal,Playoff,Consolation QF 4,Penguin Village,Spectrum,,,,,,2,2,2,2,2,10
2018-WMUCC,M-X,2018-08-02,11:30,12,Normal,Playoff,QF 1,UPAARP,Molasses Disaster,,,,,,2,1,2,2,2,9
2018-WMUCC,M-X,2018-08-02,11:30,12,Normal,Playoff,QF 1,Molasses Disaster,UPAARP,,,,,,2,1,1,2,1,7
2018-WMUCC,M-X,2018-08-02,11:30,14,Normal,Placement,Bottom 5 Round Robin,Grey BH,2600,,,,,,1,2,3,3,2,11
2018-WMUCC,M-X,2018-08-02,11:30,14,Normal,Placement,Bottom 5 Round Robin,2600,Grey BH,,,,,,2,3,3,2,2,12
2018-WMUCC,M-X,2018-08-02,11:30,15,Normal,Placement,Bottom 5 Round Robin,Masala Magic,Aoteaora Eh,,,,,,2,2,2,3,2,11
2018-WMUCC,M-X,2018-08-02,11:30,15,Normal,Placement,Bottom 5 Round Robin,Aoteaora Eh,Masala Magic,,,,,,2,2,2,3,2,11
2018-WMUCC,GM-M,2018-08-02,11:30,16,Normal,Group,B3 vs B6,Beers,KalaKala,,,,,,2,2,3,3,3,13
2018-WMUCC,GM-M,2018-08-02,11:30,16,Normal,Group,B3 vs B6,KalaKala,Beers,,,,,,2,3,3,4,3,15
2018-WMUCC,GM-M,2018-08-02,11:30,18,Normal,Group,B4 vs B5,Shadows,Grand Masters of the Universe,,,,,,2,1,1,2,1,7
2018-WMUCC,GM-M,2018-08-02,11:30,18,Normal,Group,B4 vs B5,Grand Masters of the Universe,Shadows,,,,,,2,2,3,2,2,11
2018-WMUCC,M-M,2018-08-02,14:00,1,Normal,Placement,Placement Games 5-8,NSOM,Surly,,,,,,3,3,2,2,3,13
2018-WMUCC,M-M,2018-08-02,14:00,1,Normal,Placement,Placement Games 5-8,Surly,NSOM,,,,,,1,1,2,2,2,8
2018-WMUCC,M-M,2018-08-02,14:00,2,Normal,Placement,Placement Games 5-8,SUN,Torque,,,,,,2,2,1,2,2,9
2018-WMUCC,M-M,2018-08-02,14:00,2,Normal,Placement,Placement Games 5-8,Torque,SUN,,,,,,1,2,2,2,1,8
2018-WMUCC,M-W,2018-08-02,14:00,3,Normal,Group,A1 vs B4,Surly COUGARS,iRot,,,,,,3,2,3,3,2,13
2018-WMUCC,M-W,2018-08-02,14:00,3,Normal,Group,A1 vs B4,iRot,Surly COUGARS,,,,,,2,2,3,3,3,13
2018-WMUCC,M-W,2018-08-02,14:00,4,Normal,Group,A3 vs B2,Dyna,lowercase,,,,,,2,2,2,2,3,11
2018-WMUCC,M-W,2018-08-02,14:00,4,Normal,Group,A3 vs B2,lowercase,Dyna,,,,,,2,1,0,2,1,6
2018-WMUCC,M-M,2018-08-02,14:00,5,Normal,Placement,Placement Games 13-15,Quantum,Iron Crow,,,,,,1,2,1,2,2,8
2018-WMUCC,M-M,2018-08-02,14:00,5,Normal,Placement,Placement Games 13-15,Iron Crow,Quantum,,,,,,2,2,2,2,1,9
2018-WMUCC,M-M,2018-08-02,14:00,6,Normal,Placement,Placement Games 13-15,Queen City Kings,Carbon,,,,,,2,2,1,2,2,9
2018-WMUCC,M-M,2018-08-02,14:00,6,Normal,Placement,Placement Games 13-15,Carbon,Queen City Kings,,,,,,2,2,2,2,2,10
2018-WMUCC,M-M,2018-08-02,14:00,7,Normal,Playoff,Consolation SFs,Men’s Masters Colombia,Crawl,,,,,,2,2,3,4,3,14
2018-WMUCC,M-M,2018-08-02,14:00,7,Normal,Playoff,Consolation SFs,Crawl,Men’s Masters Colombia,,,,,,3,2,3,3,3,14
2018-WMUCC,M-M,2018-08-02,14:00,8,Normal,Playoff,Consolation SFs,Best Before,Osaka Kings,,,,,,2,2,3,3,2,12
2018-WMUCC,M-M,2018-08-02,14:00,8,Normal,Playoff,Consolation SFs,Osaka Kings,Best Before,,,,,,2,1,2,2,2,9
2018-WMUCC,M-M,2018-08-02,14:00,11,Normal,Group,C5 vs D6,Wolpertinger,OUCH,,,,,,2,2,3,3,3,13
2018-WMUCC,M-M,2018-08-02,14:00,11,Normal,Group,C5 vs D6,OUCH,Wolpertinger,,,,,,2,3,3,3,2,13
2018-WMUCC,M-M,2018-08-02,14:00,12,Normal,Group,A5 vs D5,Men’s Masters Mexico,DUFF Stout,,,,,,2,2,2,3,2,11
2018-WMUCC,M-M,2018-08-02,14:00,12,Normal,Group,A5 vs D5,DUFF Stout,Men’s Masters Mexico,,,,,,1,2,2,2,2,9
2018-WMUCC,M-W,2018-08-02,14:00,13,Normal,Group,B3 vs A2,Ripe,Molly Grey,,,,,,1,1,1,1,0,4
2018-WMUCC,M-W,2018-08-02,14:00,13,Normal,Group,B3 vs A2,Molly Grey,Ripe,,,,,,1,0,0,2,1,4
2018-WMUCC,M-W,2018-08-02,14:00,14,Normal,Group,B1 vs A4,Mu-Syozoku,Vintage,,,,,,2,2,2,2,2,10
2018-WMUCC,M-W,2018-08-02,14:00,14,Normal,Group,B1 vs A4,Vintage,Mu-Syozoku,,,,,,2,2,2,3,2,11
2018-WMUCC,M-W,2018-08-02,14:00,15,Normal,Group,A6 vs B7,Loose Cannon,Mint,,,,,,2,2,2,2,2,10
2018-WMUCC,M-W,2018-08-02,14:00,15,Normal,Group,A6 vs B7,Mint,Loose Cannon,,,,,,2,2,2,2,1,9
2018-WMUCC,M-W,2018-08-02,14:00,16,Normal,Group,B6 vs A7,Samsui,Eclipse,,,,,,2,2,2,3,2,11
2018-WMUCC,M-W,2018-08-02,14:00,16,Normal,Group,B6 vs A7,Eclipse,Samsui,,,,,,2,2,2,3,2,11
2018-WMUCC,M-W,2018-08-02,14:00,18,Normal,Group,B8 vs A5,Quasar,Thrift Shop,,,,,,1,1,2,2,2,8
2018-WMUCC,M-W,2018-08-02,14:00,18,Normal,Group,B8 vs A5,Thrift Shop,Quasar,,,,,,1,0,1,2,2,6
2018-WMUCC,GM-M,2018-08-02,16:00,3,Normal,Group,A1 vs B4,Surly GM,Grand Masters of the Universe,,,,,,2,3,3,3,2,13
2018-WMUCC,GM-M,2018-08-02,16:00,3,Normal,Group,A1 vs B4,Grand Masters of the Universe,Surly GM,,,,,,2,3,2,2,3,12
2018-WMUCC,GM-M,2018-08-02,16:00,4,Normal,Group,A3 vs B2,Reckon,Tombstone,,,,,,3,2,2,2,2,11
2018-WMUCC,GM-M,2018-08-02,16:00,4,Normal,Group,A3 vs B2,Tombstone,Reckon,,,,,,3,3,3,3,2,14
2018-WMUCC,M-X,2018-08-02,16:00,5,Normal,Placement,Placement Games 13-15,Banana Cream Pie,Wasabi,,,,,,2,3,2,3,4,14
2018-WMUCC,M-X,2018-08-02,16:00,5,Normal,Placement,Placement Games 13-15,Wasabi,Banana Cream Pie,,,,,,2,2,3,3,2,12
2018-WMUCC,M-X,2018-08-02,16:00,6,Normal,Placement,Bottom 5 Round Robin,Spectrum,Uknighted,,,,,,2,2,3,3,2,12
2018-WMUCC,M-X,2018-08-02,16:00,6,Normal,Placement,Bottom 5 Round Robin,Uknighted,Spectrum,,,,,,2,2,3,3,3,13
2018-WMUCC,M-X,2018-08-02,16:00,7,Normal,Playoff,Consolation SF 1,Bingo & Chill,UFO,,,,,,2,1,2,2,2,9
2018-WMUCC,M-X,2018-08-02,16:00,7,Normal,Playoff,Consolation SF 1,UFO,Bingo & Chill,,,,,,2,2,2,2,2,10
2018-WMUCC,M-X,2018-08-02,16:00,8,Normal,Playoff,Consolation SF2,Hey Babe,Penguin Village,,,,,,2,3,3,3,2,13
2018-WMUCC,M-X,2018-08-02,16:00,8,Normal,Playoff,Consolation SF2,Penguin Village,Hey Babe,,,,,,1,2,2,2,2,9
2018-WMUCC,M-X,2018-08-02,16:00,11,Normal,Placement,Bottom 5 Round Robin,2600,Medellin,,,,,,2,3,2,3,2,12
2018-WMUCC,M-X,2018-08-02,16:00,11,Normal,Placement,Bottom 5 Round Robin,Medellin,2600,,,,,,2,2,2,2,2,10
2018-WMUCC,M-X,2018-08-02,16:00,12,Normal,Placement,Bottom 5 Round Robin,Masala Magic,Grey BH,,,,,,2,3,3,3,2,13
2018-WMUCC,M-X,2018-08-02,16:00,12,Normal,Placement,Bottom 5 Round Robin,Grey BH,Masala Magic,,,,,,2,2,3,3,2,12
2018-WMUCC,GM-M,2018-08-02,16:00,13,Normal,Group,B3 vs A2,Shadows,Figjam,,,,,,2,2,3,3,2,12
2018-WMUCC,M-M,2018-08-02,16:00,13,Normal,Group,B3 vs A2,Figjam,Shadows,,,,,,2,2,2,2,3,11
2018-WMUCC,GM-M,2018-08-02,16:00,14,Normal,Group,B1 vs A4,Johnny Walker,Shutdown,,,,,,3,2,2,3,3,13
2018-WMUCC,GM-M,2018-08-02,16:00,14,Normal,Group,B1 vs A4,Shutdown,Johnny Walker,,,,,,1,0,2,2,2,7
2018-WMUCC,GM-M,2018-08-02,16:00,15,Normal,Group,A6 vs B7,Grave Britain,TRex,,,,,,2,2,3,3,2,12
2018-WMUCC,GM-M,2018-08-02,16:00,15,Normal,Group,A6 vs B7,TRex,Grave Britain,,,,,,3,2,2,3,4,14
2018-WMUCC,GM-M,2018-08-02,16:00,16,Normal,Group,B6 vs A7,Beers,Big Bombers,,,,,,2,2,2,3,3,12
2018-WMUCC,GM-M,2018-08-02,16:00,16,Normal,Group,B6 vs A7,Big Bombers,Beers,,,,,,1,1,2,3,2,9
2018-WMUCC,GM-M,2018-08-02,16:00,18,Normal,Group,B8 vs A5,Get Off My Lawn,UP-Korea,,,,,,2,2,2,3,3,12
2018-WMUCC,GM-M,2018-08-02,16:00,18,Normal,Group,B8 vs A5,UP-Korea,Get Off My Lawn,,,,,,3,2,3,3,3,14
2018-WMUCC,M-X,2018-08-02,19:00,Arena,Showcase,Playoff,QF 2,San Francisco Bridge Club,Mastadon,,,,,,3,3,4,4,3,17
2018-WMUCC,M-X,2018-08-02,19:00,Arena,Showcase,Playoff,QF 2,Mastadon,San Francisco Bridge Club,,,,,,1,2,2,3,2,10
2018-WMUCC,M-M,2018-08-03,9:30,1,Normal,Playoff,SF 1,Johnny Encore,All Bashed Out,,,,,,2,2,3,1,2,10
2018-WMUCC,M-M,2018-08-03,9:30,1,Normal,Playoff,SF 1,All Bashed Out,Johnny Encore,,,,,,2,2,3,3,3,13
2018-WMUCC,M-X,2018-08-03,9:30,2,Normal,Placement,Placement Games 5-8,Mastadon,UPAARP,,,,,,1,2,2,2,1,8
2018-WMUCC,M-X,2018-08-03,9:30,2,Normal,Placement,Placement Games 5-8,UPAARP,Mastadon,,,,,,2,3,2,2,2,11
2018-WMUCC,M-W,2018-08-03,9:30,3,Normal,Playoff,SF 1,Dyna,iRot,,,,,,2,2,3,3,2,12
2018-WMUCC,M-W,2018-08-03,9:30,3,Normal,Playoff,SF 1,iRot,Dyna,,,,,,2,2,2,3,2,11
2018-WMUCC,M-W,2018-08-03,9:30,4,Normal,Playoff,SF 2,Ripe,Mu-Syozoku,,,,,,3,3,3,3,2,14
2018-WMUCC,M-W,2018-08-03,9:30,4,Normal,Playoff,SF 2,Mu-Syozoku,Ripe,,,,,,2,2,2,2,3,11
2018-WMUCC,M-M,2018-08-03,9:30,5,Normal,Placement,Consolation Final,Best Before,Crawl,,,,,,2,3,2,3,3,13
2018-WMUCC,M-M,2018-08-03,9:30,5,Normal,Placement,Consolation Final,Crawl,Best Before,,,,,,2,2,3,3,3,13
2018-WMUCC,M-M,2018-08-03,9:30,6,Normal,Placement,11th,Men’s Masters Colombia,Osaka Kings,,,,,,2,3,3,3,3,14
2018-WMUCC,M-M,2018-08-03,9:30,6,Normal,Placement,11th,Osaka Kings,Men’s Masters Colombia,,,,,,2,3,3,4,4,16
2018-WMUCC,M-M,2018-08-03,9:30,7,Normal,Placement,15th,Quantum,Queen City Kings,,,,,,2,1,2,2,2,9
2018-WMUCC,M-M,2018-08-03,9:30,7,Normal,Placement,15th,Queen City Kings,Quantum,,,,,,2,1,2,2,2,9
2018-WMUCC,M-M,2018-08-03,9:30,8,Normal,Placement,13th,Carbon,Iron Crow,,,,,,2,3,3,2,2,12
2018-WMUCC,M-M,2018-08-03,9:30,8,Normal,Placement,13th,Iron Crow,Carbon,,,,,,2,3,3,2,2,12
2018-WMUCC,M-M,2018-08-03,9:30,9,Normal,Placement,Bottom 5 Round Robin,Raging Bananas,OUCH,,,,,,2,3,3,4,2,14
2018-WMUCC,M-M,2018-08-03,9:30,9,Normal,Placement,Bottom 5 Round Robin,OUCH,Raging Bananas,,,,,,2,2,3,3,3,13
2018-WMUCC,M-M,2018-08-03,9:30,10,Normal,Placement,Bottom 5 Round Robin,Men’s Masters Mexico,Wolpertinger,,,,,,2,2,2,3,2,11
2018-WMUCC,M-M,2018-08-03,9:30,10,Normal,Placement,Bottom 5 Round Robin,Wolpertinger,Men’s Masters Mexico,,,,,,2,2,2,3,2,11
2018-WMUCC,M-W,2018-08-03,9:30,11,Normal,Placement,Placement Games 5-8,Surly COUGARS,lowercase,,,,,,2,2,1,2,1,8
2018-WMUCC,M-W,2018-08-03,9:30,11,Normal,Placement,Placement Games 5-8,lowercase,Surly COUGARS,,,,,,2,2,2,2,2,10
2018-WMUCC,M-W,2018-08-03,9:30,12,Normal,Placement,Placement Games 5-8,Molly Grey,Vintage,,,,,,2,2,2,3,2,11
2018-WMUCC,M-W,2018-08-03,9:30,12,Normal,Placement,Placement Games 5-8,Vintage,Molly Grey,,,,,,1,2,2,3,1,9
2018-WMUCC,M-W,2018-08-03,9:30,13,Normal,Placement,Placement Games 13-15,Samsui,Thrift Shop,,,,,,2,2,2,2,2,10
2018-WMUCC,M-W,2018-08-03,9:30,13,Normal,Placement,Placement Games 13-15,Thrift Shop,Samsui,,,,,,2,2,3,3,2,12
2018-WMUCC,M-W,2018-08-03,9:30,14,Normal,Playoff,Consolation SF 1,Silver Foxes,Loose Cannon,,,,,,2,2,2,2,2,10
2018-WMUCC,M-W,2018-08-03,9:30,14,Normal,Playoff,Consolation SF 1,Loose Cannon,Silver Foxes,,,,,,3,1,2,2,3,11
2018-WMUCC,M-W,2018-08-03,9:30,15,Normal,Playoff,Consolation SF2,Quasar,Eclipse,,,,,,1,2,2,3,3,11
2018-WMUCC,M-W,2018-08-03,9:30,15,Normal,Playoff,Consolation SF2,Eclipse,Quasar,,,,,,2,2,1,2,2,9
2018-WMUCC,M-M,2018-08-03,9:30,16,Normal,Placement,5th Place Game,Torque,NSOM,,,,,,3,3,3,3,3,15
2018-WMUCC,M-M,2018-08-03,9:30,16,Normal,Placement,5th Place Game,NSOM,Torque,,,,,,3,3,3,3,3,15
2018-WMUCC,M-M,2018-08-03,9:30,18,Normal,Placement,7th Place Game,SUN,Surly,,,,,,2,2,3,2,2,11
2018-WMUCC,M-M,2018-08-03,9:30,18,Normal,Placement,7th Place Game,Surly,SUN,,,,,,2,2,3,3,3,13
2018-WMUCC,M-X,2018-08-03,9:30,19,Normal,Placement,Placement Games 5-8,Woodies,Fine Wine,,,,,,2,2,3,3,2,12
2018-WMUCC,M-X,2018-08-03,9:30,19,Normal,Placement,Placement Games 5-8,Fine Wine,Woodies,,,,,,2,2,2,2,2,10
2018-WMUCC,M-M,2018-08-03,9:30,Arena,Showcase,Playoff,SF 2,Boneyard,Rest Stop,,,,,,2,3,2,3,2,12
2018-WMUCC,M-M,2018-08-03,9:30,Arena,Showcase,Playoff,SF 2,Rest Stop,Boneyard,,,,,,2,2,2,2,3,11
2018-WMUCC,M-X,2018-08-03,11:30,1,Normal,Playoff,SF 1,Molasses Disaster,San Francisco Bridge Club,,,,,,2,2,3,3,2,12
2018-WMUCC,M-X,2018-08-03,11:30,1,Normal,Playoff,SF 1,San Francisco Bridge Club,Molasses Disaster,,,,,,2,2,3,3,2,12
2018-WMUCC,M-X,2018-08-03,11:30,2,Normal,Placement,13th,Banana Cream Pie,Uknighted,,,,,,1,2,2,2,1,8
2018-WMUCC,M-X,2018-08-03,11:30,2,Normal,Placement,13th,Uknighted,Banana Cream Pie,,,,,,2,2,2,2,2,10
2018-WMUCC,GM-M,2018-08-03,11:30,3,Normal,Playoff,SF 1,Surly GM,Tombstone,,,,,,2,2,2,2,3,11
2018-WMUCC,GM-M,2018-08-03,11:30,3,Normal,Playoff,SF 1,Tombstone,Surly GM,,,,,,2,2,2,3,2,11
2018-WMUCC,GM-M,2018-08-03,11:30,4,Normal,Playoff,SF 2,Johnny Walker,Shadows,,,,,,2,3,3,3,3,14
2018-WMUCC,GM-M,2018-08-03,11:30,4,Normal,Playoff,SF 2,Shadows,Johnny Walker,,,,,,2,2,2,3,2,11
2018-WMUCC,M-X,2018-08-03,11:30,5,Normal,Placement,Consolation Final,Hey Babe,UFO,,,,,,2,3,3,3,3,14
2018-WMUCC,M-X,2018-08-03,11:30,5,Normal,Placement,Consolation Final,UFO,Hey Babe,,,,,,2,2,3,3,2,12
2018-WMUCC,M-X,2018-08-03,11:30,6,Normal,Placement,11th,Bingo & Chill,Penguin Village,,,,,,2,1,1,2,1,7
2018-WMUCC,M-X,2018-08-03,11:30,6,Normal,Placement,11th,Penguin Village,Bingo & Chill,,,,,,2,2,2,1,2,9
2018-WMUCC,M-X,2018-08-03,11:30,7,Normal,Placement,15th,Spectrum,Wasabi,,,,,,4,4,4,4,4,20
2018-WMUCC,M-X,2018-08-03,11:30,7,Normal,Placement,15th,Wasabi,Spectrum,,,,,,2,2,3,4,3,14
2018-WMUCC,M-X,2018-08-03,11:30,9,Normal,Placement,Bottom 5 Round Robin,2600,Aoteaora Eh,,,,,,2,2,2,3,2,11
2018-WMUCC,M-X,2018-08-03,11:30,9,Normal,Placement,Bottom 5 Round Robin,Aoteaora Eh,2600,,,,,,2,2,2,3,2,11
2018-WMUCC,M-X,2018-08-03,11:30,10,Normal,Placement,Bottom 5 Round Robin,Grey BH,Medellin,,,,,,1,2,1,3,2,9
2018-WMUCC,M-X,2018-08-03,11:30,10,Normal,Placement,Bottom 5 Round Robin,Medellin,Grey BH,,,,,,3,2,4,2,2,13
2018-WMUCC,GM-M,2018-08-03,11:30,11,Normal,Placement,Placement Games 5-8,Grand Masters of the Universe,Reckon,,,,,,2,3,3,3,2,13
2018-WMUCC,GM-M,2018-08-03,11:30,11,Normal,Placement,Placement Games 5-8,Reckon,Grand Masters of the Universe,,,,,,2,3,2,3,2,12
2018-WMUCC,GM-M,2018-08-03,11:30,12,Normal,Placement,Placement Games 5-8,Shutdown,Figjam,,,,,,2,3,3,2,3,13
2018-WMUCC,M-M,2018-08-03,11:30,12,Normal,Placement,Placement Games 5-8,Figjam,Shutdown,,,,,,2,2,2,2,2,10
2018-WMUCC,GM-M,2018-08-03,11:30,13,Normal,Placement,Placement Games 13-15,Big Bombers,UP-Korea,,,,,,2,1,2,1,3,9
2018-WMUCC,GM-M,2018-08-03,11:30,13,Normal,Placement,Placement Games 13-15,UP-Korea,Big Bombers,,,,,,2,1,1,1,2,7
2018-WMUCC,GM-M,2018-08-03,11:30,14,Normal,Playoff,Consolation SF 1,KalaKala,TRex,,,,,,2,2,3,3,3,13
2018-WMUCC,GM-M,2018-08-03,11:30,14,Normal,Playoff,Consolation SF 1,TRex,KalaKala,,,,,,2,2,3,3,2,12
2018-WMUCC,GM-M,2018-08-03,11:30,15,Normal,Playoff,Consolation SF2,Beers,Get Off My Lawn,,,,,,2,2,3,4,3,14
2018-WMUCC,GM-M,2018-08-03,11:30,15,Normal,Playoff,Consolation SF2,Get Off My Lawn,Beers,,,,,,2,2,3,4,3,14
2018-WMUCC,M-X,2018-08-03,11:30,Arena,Showcase,Playoff,SF 2,512,Members Only,,,,,,2,2,2,2,2,10
2018-WMUCC,M-X,2018-08-03,11:30,Arena,Showcase,Playoff,SF 2,Members Only,512,,,,,,2,2,2,2,2,10
2018-WMUCC,M-M,2018-08-03,14:00,1,Normal,Placement,3rd,Johnny Encore,Rest Stop,,,,,,4,4,4,4,4,20
2018-WMUCC,M-M,2018-08-03,14:00,1,Normal,Placement,3rd,Rest Stop,Johnny Encore,,,,,,2,2,2,2,2,10
2018-WMUCC,M-W,2018-08-03,14:00,2,Normal,Placement,11th,Silver Foxes,Eclipse,,,,,,2,2,2,2,2,10
2018-WMUCC,M-W,2018-08-03,14:00,2,Normal,Placement,11th,Eclipse,Silver Foxes,,,,,,2,2,3,3,2,12
2018-WMUCC,M-W,2018-08-03,14:00,3,Normal,Placement,7th Place Game,Molly Grey,Surly COUGARS,,,,,,2,2,2,3,2,11
2018-WMUCC,M-W,2018-08-03,14:00,3,Normal,Placement,7th Place Game,Surly COUGARS,Molly Grey,,,,,,2,2,2,3,2,11
2018-WMUCC,M-W,2018-08-03,14:00,4,Normal,Placement,5th Place Game,lowercase,Vintage,,,,,,2,2,2,3,2,11
2018-WMUCC,M-W,2018-08-03,14:00,4,Normal,Placement,5th Place Game,Vintage,lowercase,,,,,,2,2,2,2,2,10
2018-WMUCC,M-M,2018-08-03,14:00,5,Normal,Placement,Bottom 5 Round Robin,Raging Bananas,Wolpertinger,,,,,,2,3,3,3,2,13
2018-WMUCC,M-M,2018-08-03,14:00,5,Normal,Placement,Bottom 5 Round Robin,Wolpertinger,Raging Bananas,,,,,,2,2,2,3,2,11
2018-WMUCC,M-M,2018-08-03,14:00,6,Normal,Placement,Bottom 5 Round Robin,DUFF Stout,OUCH,,,,,,2,2,3,4,2,13
2018-WMUCC,M-M,2018-08-03,14:00,6,Normal,Placement,Bottom 5 Round Robin,OUCH,DUFF Stout,,,,,,2,3,3,2,3,13
2018-WMUCC,M-W,2018-08-03,14:00,9,Normal,Placement,13th,Mint,Thrift Shop,,,,,,2,2,2,3,2,11
2018-WMUCC,M-W,2018-08-03,14:00,9,Normal,Placement,13th,Thrift Shop,Mint,,,,,,2,2,2,2,2,10
2018-WMUCC,M-W,2018-08-03,14:00,10,Normal,Placement,Consolation Final,Loose Cannon,Quasar,,,,,,2,1,2,1,1,7
2018-WMUCC,M-W,2018-08-03,14:00,10,Normal,Placement,Consolation Final,Quasar,Loose Cannon,,,,,,0,1,1,2,2,6
2018-WMUCC,M-X,2018-08-03,14:00,12,Normal,Placement,5th Place Game,Fine Wine,UPAARP,,,,,,2,2,3,3,1,11
2018-WMUCC,M-X,2018-08-03,14:00,12,Normal,Placement,5th Place Game,UPAARP,Fine Wine,,,,,,2,2,2,3,2,11
2018-WMUCC,M-X,2018-08-03,14:00,13,Normal,Placement,7th Place Game,Mastadon,Woodies,,,,,,2,1,2,3,2,10
2018-WMUCC,M-X,2018-08-03,14:00,13,Normal,Placement,7th Place Game,Woodies,Mastadon,,,,,,2,2,3,3,2,12
2018-WMUCC,M-W,2018-08-03,14:00,Arena,Showcase,Placement,3rd,Dyna,Ripe,,,,,,2,2,1,2,2,9
2018-WMUCC,M-W,2018-08-03,14:00,Arena,Showcase,Placement,3rd,Ripe,Dyna,,,,,,2,2,3,3,2,12
2018-WMUCC,M-X,2018-08-03,16:00,1,Normal,Placement,3rd,Members Only,San Francisco Bridge Club,,,,,,2,2,1,1,2,8
2018-WMUCC,M-X,2018-08-03,16:00,1,Normal,Placement,3rd,San Francisco Bridge Club,Members Only,,,,,,2,2,2,2,2,10
2018-WMUCC,GM-M,2018-08-03,16:00,2,Normal,Placement,3rd,Shadows,Tombstone,,,,,,2,2,3,3,2,12
2018-WMUCC,GM-M,2018-08-03,16:00,2,Normal,Placement,3rd,Tombstone,Shadows,,,,,,3,3,3,3,3,15
2018-WMUCC,GM-M,2018-08-03,16:00,3,Normal,Placement,7th Place Game,Grand Masters of the Universe,Figjam,,,,,,2,2,2,2,3,11
2018-WMUCC,M-M,2018-08-03,16:00,3,Normal,Placement,7th Place Game,Figjam,Grand Masters of the Universe,,,,,,2,3,2,2,2,11
2018-WMUCC,GM-M,2018-08-03,16:00,4,Normal,Placement,5th Place Game,Reckon,Shutdown,,,,,,2,3,3,2,2,12
2018-WMUCC,GM-M,2018-08-03,16:00,4,Normal,Placement,5th Place Game,Shutdown,Reckon,,,,,,2,3,3,4,3,15
2018-WMUCC,M-X,2018-08-03,16:00,5,Normal,Placement,Bottom 5 Round Robin,Aoteaora Eh,Medellin,,,,,,2,1,2,2,2,9
2018-WMUCC,M-X,2018-08-03,16:00,5,Normal,Placement,Bottom 5 Round Robin,Medellin,Aoteaora Eh,,,,,,1,1,2,2,2,8
2018-WMUCC,M-X,2018-08-03,16:00,6,Normal,Placement,Bottom 5 Round Robin,2600,Masala Magic,,,,,,2,1,1,2,2,8
2018-WMUCC,M-X,2018-08-03,16:00,6,Normal,Placement,Bottom 5 Round Robin,Masala Magic,2600,,,,,,1,2,2,1,1,7
2018-WMUCC,GM-M,2018-08-03,16:00,9,Normal,Placement,13th,Grave Britain,Big Bombers,,,,,,2,2,3,3,3,13
2018-WMUCC,GM-M,2018-08-03,16:00,9,Normal,Placement,13th,Big Bombers,Grave Britain,,,,,,2,2,3,3,2,12
2018-WMUCC,GM-M,2018-08-03,16:00,10,Normal,Placement,Consolation Final,Get Off My Lawn,KalaKala,,,,,,2,2,3,3,2,12
2018-WMUCC,GM-M,2018-08-03,16:00,10,Normal,Placement,Consolation Final,KalaKala,Get Off My Lawn,,,,,,2,3,2,3,2,12
2018-WMUCC,GM-M,2018-08-03,16:00,12,Normal,Placement,11th,Beers,TRex,,,,,,2,2,3,4,2,13
2018-WMUCC,GM-M,2018-08-03,16:00,12,Normal,Placement,11th,TRex,Beers,,,,,,2,3,3,4,3,15
2018-WMUCC,GM-M,2018-08-03,19:00,Arena,Showcase,Finals,Finals,Surly GM,Johnny Walker,,,,,,2,2,1,2,1,8
2018-WMUCC,GM-M,2018-08-03,19:00,Arena,Showcase,Finals,Finals,Johnny Walker,Surly GM,,,,,,2,1,1,2,0,6
2018-WMUCC,M-M,2018-08-04,9:30,IGF,Showcase,Finals,Finals,All Bashed Out,Boneyard,,,,,,2,2,3,2,3,12
2018-WMUCC,M-M,2018-08-04,9:30,IGF,Showcase,Finals,Finals,Boneyard,All Bashed Out,,,,,,2,3,3,4,2,14
2018-WMUCC,M-W,2018-08-04,12:00,IGF,Showcase,Finals,Finals,Mu-Syozoku,iRot,,,,,,3,2,3,3,3,14
2018-WMUCC,M-W,2018-08-04,12:00,IGF,Showcase,Finals,Finals,iRot,Mu-Syozoku,,,,,,2,3,3,3,2,13
2018-WMUCC,M-X,2018-08-04,14:30,IGF,Showcase,Finals,Finals,512,Molasses Disaster,,,,,,2,2,2,2,2,10
2018-WMUCC,M-X,2018-08-04,14:30,IGF,Showcase,Finals,Finals,Molasses Disaster,512,,,,,,2,2,2,3,2,11