Event,Year,Team,Country,City,Age,Gender,Division,Seeding,Result,Games,Goals Scored,Goials Received,Offence Time,Offence Goals,Defence Time,Defence Goals,TOs,Spirit TOs,R: Rules,R: Fouls,R: Fair,R: Pos,R: Comm,R: Total,G: Rules,G: Fouls,G: Fair,G: Pos,G: Comm,G: Total
2015-AOUC,2015,India,IND,,All,Open/Men,A-M,,,,,,,,,,,,2.14,2.29,2.57,3.00,2.43,12.43,,,,,,
2015-AOUC,2015,Japan,JPN,,All,Open/Men,A-M,,,,,,,,,,,,2.13,2.13,2.75,2.50,2.25,11.76,,,,,,
2015-AOUC,2015,Singapore,SGP,,All,Open/Men,A-M,,,,,,,,,,,,2.14,2.29,2.43,2.14,2.43,11.43,,,,,,
2015-AOUC,2015,Australia,AUS,,All,Open/Men,A-M,,,,,,,,,,,,2.00,2.13,2.13,2.38,2.50,11.14,,,,,,
2015-AOUC,2015,Hong Kong,HKG,,All,Open/Men,A-M,,,,,,,,,,,,1.88,2.00,2.38,2.25,2.13,10.64,,,,,,
2015-AOUC,2015,Philippines,PHI,,All,Open/Men,A-M,,,,,,,,,,,,1.75,2.00,2.13,2.25,2.25,10.38,,,,,,
2015-AOUC,2015,Chinese Taipei,TPE,,All,Open/Men,A-M,,,,,,,,,,,,1.75,1.88,2.38,2.13,2.00,10.14,,,,,,
2015-AOUC,2015,Australia,AUS,,All,Women,A-W,,,,,,,,,,,,2.67,2.50,2.83,2.83,3.17,14.00,,,,,,
2015-AOUC,2015,Hong Kong,HKG,,All,Women,A-W,,,,,,,,,,,,1.80,2.00,2.20,2.40,2.00,10.40,,,,,,
2015-AOUC,2015,Philippines,PHI,,All,Women,A-W,,,,,,,,,,,,1.67,2.00,2.00,2.33,2.33,10.33,,,,,,
2015-AOUC,2015,Singapore,SGP,,All,Women,A-W,,,,,,,,,,,,1.67,1.33,1.67,2.17,2.50,9.34,,,,,,
2015-AOUC,2015,Chinese Taipei,TPE,,All,Women,A-W,,,,,,,,,,,,1.60,1.60,1.40,2.00,2.20,8.80,,,,,,
2015-AOUC,2015,New Zealand,NZL,,All,Mixed,A-X,,,,,,,,,,,,2.50,2.67,2.83,3.67,2.83,14.50,,,,,,
2015-AOUC,2015,Japan,JPN,,All,Mixed,A-X,,,,,,,,,,,,2.83,2.33,2.67,3.33,2.33,13.49,,,,,,
2015-AOUC,2015,United Arab Emirates,UAE,,All,Mixed,A-X,,,,,,,,,,,,2.33,2.50,2.33,2.83,2.83,12.82,,,,,,
2015-AOUC,2015,Hong Kong,HKG,,All,Mixed,A-X,,,,,,,,,,,,2.17,2.17,2.33,2.83,2.33,11.83,,,,,,
2015-AOUC,2015,Australia,AUS,,All,Mixed,A-X,,,,,,,,,,,,2.33,1.83,2.33,2.33,2.33,11.15,,,,,,
2015-AOUC,2015,China,CHN,,All,Mixed,A-X,,,,,,,,,,,,2.17,1.83,2.00,2.67,2.33,11.00,,,,,,
2015-AOUC,2015,South Korea,KOR,,All,Mixed,A-X,,,,,,,,,,,,2.33,1.67,2.33,2.00,2.50,10.83,,,,,,
2015-AOUC,2015,Singapore,SGP,,All,Mixed,A-X,,,,,,,,,,,,1.71,2.00,2.14,2.14,2.14,10.13,,,,,,
2015-AOUC,2015,Philippines,PHI,,All,Mixed,A-X,,,,,,,,,,,,1.71,1.43,2.14,2.43,1.57,9.28,,,,,,
2015-AOUC,2015,Chinese Taipei,TPE,,All,Mixed,A-X,,,,,,,,,,,,1.33,1.83,1.33,2.17,2.17,8.83,,,,,,
2016-WJUC,2016,Australia,AUS,,U20,Open/Men,#N/A,,,,,,,,,,,,2.25,2.25,2.50,3.00,2.50,12.50,,,,,,
2016-WJUC,2016,Austria,AUT,,U20,Open/Men,#N/A,,,,,,,,,,,,2.11,1.67,2.33,2.11,2.22,10.44,,,,,,
2016-WJUC,2016,Belgium,BEL,,U20,Open/Men,#N/A,,,,,,,,,,,,2.00,2.11,2.33,2.22,2.22,10.88,,,,,,
2016-WJUC,2016,Canada,CAN,,U20,Open/Men,#N/A,,,,,,,,,,,,1.63,1.75,1.88,2.25,2.13,9.64,,,,,,
2016-WJUC,2016,Colombia,COL,,U20,Open/Men,#N/A,,,,,,,,,,,,1.56,2.00,1.89,2.33,1.78,9.56,,,,,,
2016-WJUC,2016,Czech Republic,CZE,,U20,Open/Men,#N/A,,,,,,,,,,,,1.89,2.22,2.56,2.11,2.33,11.11,,,,,,
2016-WJUC,2016,Denmark,DEN,,U20,Open/Men,#N/A,,,,,,,,,,,,2.00,2.00,2.11,2.11,2.22,10.44,,,,,,
2016-WJUC,2016,Spain,ESP,,U20,Open/Men,#N/A,,,,,,,,,,,,1.78,2.11,2.44,2.56,1.89,10.78,,,,,,
2016-WJUC,2016,Finland,FIN,,U20,Open/Men,#N/A,,,,,,,,,,,,1.88,2.00,2.13,2.75,2.25,11.01,,,,,,
2016-WJUC,2016,France,FRA,,U20,Open/Men,#N/A,,,,,,,,,,,,1.67,2.11,2.22,2.33,2.11,10.44,,,,,,
2016-WJUC,2016,Great Britain,GBR,,U20,Open/Men,#N/A,,,,,,,,,,,,2.00,1.89,2.00,2.11,1.89,9.89,,,,,,
2016-WJUC,2016,Germany,GER,,U20,Open/Men,#N/A,,,,,,,,,,,,2.00,2.00,2.25,2.38,2.13,10.76,,,,,,
2016-WJUC,2016,Hungary,HUN,,U20,Open/Men,#N/A,,,,,,,,,,,,1.56,1.56,1.78,1.89,2.00,8.79,,,,,,
2016-WJUC,2016,India,IND,,U20,Open/Men,#N/A,,,,,,,,,,,,1.75,1.75,2.25,2.75,2.00,10.50,,,,,,
2016-WJUC,2016,Ireland,IRL,,U20,Open/Men,#N/A,,,,,,,,,,,,2.00,2.00,2.11,2.67,2.44,11.22,,,,,,
2016-WJUC,2016,Israel,ISR,,U20,Open/Men,#N/A,,,,,,,,,,,,1.88,1.75,2.25,2.38,2.75,11.01,,,,,,
2016-WJUC,2016,Italy,ITA,,U20,Open/Men,#N/A,,,,,,,,,,,,1.67,1.44,2.11,1.89,2.11,9.22,,,,,,
2016-WJUC,2016,Japan,JPN,,U20,Open/Men,#N/A,,,,,,,,,,,,2.00,1.89,2.22,2.44,1.67,10.22,,,,,,
2016-WJUC,2016,Mexico,MEX,,U20,Open/Men,#N/A,,,,,,,,,,,,1.56,2.11,1.67,2.44,1.67,9.45,,,,,,
2016-WJUC,2016,Netherlands,NED,,U20,Open/Men,#N/A,,,,,,,,,,,,1.89,2.11,2.44,2.56,2.44,11.44,,,,,,
2016-WJUC,2016,New Zealand,NZL,,U20,Open/Men,#N/A,,,,,,,,,,,,2.00,2.11,2.44,2.67,2.22,11.44,,,,,,
2016-WJUC,2016,Poland,POL,,U20,Open/Men,#N/A,,,,,,,,,,,,1.78,2.11,2.11,2.22,2.00,10.22,,,,,,
2016-WJUC,2016,Russia,RUS,,U20,Open/Men,#N/A,,,,,,,,,,,,1.75,1.63,2.25,2.00,2.13,9.76,,,,,,
2016-WJUC,2016,Slovenia,SLO,,U20,Open/Men,#N/A,,,,,,,,,,,,1.88,2.13,2.63,3.13,2.63,12.40,,,,,,
2016-WJUC,2016,Switzerland,SUI,,U20,Open/Men,#N/A,,,,,,,,,,,,2.00,1.75,2.38,1.50,2.00,9.63,,,,,,
2016-WJUC,2016,Slovakia,SVK,,U20,Open/Men,#N/A,,,,,,,,,,,,1.75,1.50,2.63,2.38,2.38,10.64,,,,,,
2016-WJUC,2016,Sweden,SWE,,U20,Open/Men,#N/A,,,,,,,,,,,,1.78,2.00,1.67,1.78,2.11,9.34,,,,,,
2016-WJUC,2016,Chinese Taipei,TPE,,U20,Open/Men,#N/A,,,,,,,,,,,,1.78,2.00,2.22,2.56,2.11,10.67,,,,,,
2016-WJUC,2016,United States,USA,,U20,Open/Men,#N/A,,,,,,,,,,,,2.29,2.14,2.14,2.71,2.57,11.85,,,,,,
2016-WJUC,2016,Australia,AUS,,U20,Women,#N/A,,,,,,,,,,,,1.80,1.90,2.10,2.40,2.10,10.30,,,,,,
2016-WJUC,2016,Austria,AUT,,U20,Women,#N/A,,,,,,,,,,,,2.00,2.20,2.50,2.30,2.00,11.00,,,,,,
2016-WJUC,2016,Canada,CAN,,U20,Women,#N/A,,,,,,,,,,,,1.70,1.50,1.80,2.40,2.10,9.50,,,,,,
2016-WJUC,2016,Colombia,COL,,U20,Women,#N/A,,,,,,,,,,,,1.60,2.00,2.20,2.70,1.80,10.30,,,,,,
2016-WJUC,2016,Czech Republic,CZE,,U20,Women,#N/A,,,,,,,,,,,,1.50,1.80,2.10,2.30,2.30,10.00,,,,,,
2016-WJUC,2016,Finland,FIN,,U20,Women,#N/A,,,,,,,,,,,,1.78,1.67,2.11,2.44,2.11,10.11,,,,,,
2016-WJUC,2016,France,FRA,,U20,Women,#N/A,,,,,,,,,,,,1.90,1.90,2.00,2.30,2.10,10.20,,,,,,
2016-WJUC,2016,Great Britain,GBR,,U20,Women,#N/A,,,,,,,,,,,,1.67,1.67,2.00,2.11,1.78,9.23,,,,,,
2016-WJUC,2016,Germany,GER,,U20,Women,#N/A,,,,,,,,,,,,1.90,1.90,2.30,2.70,2.30,11.10,,,,,,
2016-WJUC,2016,Ireland,IRL,,U20,Women,#N/A,,,,,,,,,,,,1.78,2.22,2.44,3.33,2.33,12.10,,,,,,
2016-WJUC,2016,Italy,ITA,,U20,Women,#N/A,,,,,,,,,,,,1.80,1.70,2.20,2.50,1.90,10.10,,,,,,
2016-WJUC,2016,Japan,JPN,,U20,Women,#N/A,,,,,,,,,,,,1.70,1.30,2.10,2.30,1.80,9.20,,,,,,
2016-WJUC,2016,Netherlands,NED,,U20,Women,#N/A,,,,,,,,,,,,1.80,1.90,2.00,1.90,2.10,9.70,,,,,,
2016-WJUC,2016,New Zealand,NZL,,U20,Women,#N/A,,,,,,,,,,,,1.90,1.90,2.30,2.40,2.10,10.60,,,,,,
2016-WJUC,2016,Poland,POL,,U20,Women,#N/A,,,,,,,,,,,,1.60,1.90,2.00,2.20,1.80,9.50,,,,,,
2016-WJUC,2016,Russia,RUS,,U20,Women,#N/A,,,,,,,,,,,,1.60,1.40,1.70,2.00,1.80,8.50,,,,,,
2016-WJUC,2016,Slovenia,SLO,,U20,Women,#N/A,,,,,,,,,,,,1.89,2.11,2.44,3.22,2.00,11.66,,,,,,
2016-WJUC,2016,Switzerland,SUI,,U20,Women,#N/A,,,,,,,,,,,,1.80,2.00,2.10,2.70,2.00,10.60,,,,,,
2016-WJUC,2016,Slovakia,SVK,,U20,Women,#N/A,,,,,,,,,,,,1.70,2.10,2.00,2.60,1.90,10.30,,,,,,
2016-WJUC,2016,United States,USA,,U20,Women,#N/A,,,,,,,,,,,,1.90,1.80,2.20,2.50,2.20,10.60,,,,,,
2016-WUGC,2016,New Zealand,NZL,,All,Open/Men,A-M,,,,,,,,,,,,2.43,2.29,2.57,3.43,2.71,13.43,,,,,,
2016-WUGC,2016,Poland,POL,,All,Open/Men,A-M,,,,,,,,,,,,2.25,2.25,2.63,2.88,2.50,12.51,,,,,,
2016-WUGC,2016,Ireland,IRL,,All,Open/Men,A-M,,,,,,,,,,,,2.25,2.25,2.38,2.75,2.75,12.38,,,,,,
2016-WUGC,2016,South Africa,RSA,,All,Open/Men,A-M,,,,,,,,,,,,2.00,2.50,2.50,2.75,2.50,12.25,,,,,,
2016-WUGC,2016,Netherlands,NED,,All,Open/Men,A-M,,,,,,,,,,,,2.13,2.00,2.88,2.63,2.38,12.02,,,,,,
2016-WUGC,2016,Switzerland,SUI,,All,Open/Men,A-M,,,,,,,,,,,,2.00,2.25,2.50,2.38,2.63,11.76,,,,,,
2016-WUGC,2016,Finland,FIN,,All,Open/Men,A-M,,,,,,,,,,,,2.00,2.29,2.57,2.43,2.29,11.58,,,,,,
2016-WUGC,2016,Canada,CAN,,All,Open/Men,A-M,,,,,,,,,,,,2.11,2.33,2.56,2.33,2.22,11.55,,,,,,
2016-WUGC,2016,Australia,AUS,,All,Open/Men,A-M,,,,,,,,,,,,2.10,1.90,2.50,2.50,2.50,11.50,,,,,,
2016-WUGC,2016,Egypt,EGY,,All,Open/Men,A-M,,,,,,,,,,,,2.00,2.14,2.71,2.43,2.14,11.42,,,,,,
2016-WUGC,2016,France,FRA,,All,Open/Men,A-M,,,,,,,,,,,,2.00,2.13,2.63,2.50,2.13,11.39,,,,,,
2016-WUGC,2016,Great Britain,GBR,,All,Open/Men,A-M,,,,,,,,,,,,2.10,1.80,2.40,2.60,2.40,11.30,,,,,,
2016-WUGC,2016,Austria,AUT,,All,Open/Men,A-M,,,,,,,,,,,,1.88,2.00,2.50,2.38,2.38,11.14,,,,,,
2016-WUGC,2016,Israel,ISR,,All,Open/Men,A-M,,,,,,,,,,,,1.86,2.43,2.00,2.29,2.43,11.01,,,,,,
2016-WUGC,2016,Czech Republic,CZE,,All,Open/Men,A-M,,,,,,,,,,,,2.13,2.38,2.38,2.00,2.13,11.02,,,,,,
2016-WUGC,2016,United States,USA,,All,Open/Men,A-M,,,,,,,,,,,,2.13,2.00,2.38,2.25,2.25,11.01,,,,,,
2016-WUGC,2016,Mexico,MEX,,All,Open/Men,A-M,,,,,,,,,,,,1.71,2.00,2.43,2.57,2.14,10.85,,,,,,
2016-WUGC,2016,Sweden,SWE,,All,Open/Men,A-M,,,,,,,,,,,,2.00,2.14,2.43,2.14,2.00,10.71,,,,,,
2016-WUGC,2016,Latvia,LAT,,All,Open/Men,A-M,,,,,,,,,,,,2.00,2.00,2.43,2.00,2.14,10.57,,,,,,
2016-WUGC,2016,China,CHN,,All,Open/Men,A-M,,,,,,,,,,,,1.50,2.13,2.25,2.38,2.25,10.51,,,,,,
2016-WUGC,2016,Spain,ESP,,All,Open/Men,A-M,,,,,,,,,,,,1.88,1.75,1.88,2.63,2.38,10.52,,,,,,
2016-WUGC,2016,Denmark,DEN,,All,Open/Men,A-M,,,,,,,,,,,,2.00,1.86,2.00,2.43,2.14,10.43,,,,,,
2016-WUGC,2016,Singapore,SGP,,All,Open/Men,A-M,,,,,,,,,,,,1.86,1.86,2.43,2.43,1.86,10.44,,,,,,
2016-WUGC,2016,Belgium,BEL,,All,Open/Men,A-M,,,,,,,,,,,,2.00,1.80,2.10,2.30,2.20,10.40,,,,,,
2016-WUGC,2016,Germany,GER,,All,Open/Men,A-M,,,,,,,,,,,,2.00,1.80,2.00,2.20,2.40,10.40,,,,,,
2016-WUGC,2016,India,IND,,All,Open/Men,A-M,,,,,,,,,,,,1.71,1.57,2.43,2.43,2.00,10.14,,,,,,
2016-WUGC,2016,Japan,JPN,,All,Open/Men,A-M,,,,,,,,,,,,1.78,1.56,2.00,2.56,1.78,9.68,,,,,,
2016-WUGC,2016,Lithuania,LTU,,All,Open/Men,A-M,,,,,,,,,,,,1.71,1.71,1.86,2.14,2.00,9.42,,,,,,
2016-WUGC,2016,Italy,ITA,,All,Open/Men,A-M,,,,,,,,,,,,1.71,1.14,2.43,1.86,2.00,9.14,,,,,,
2016-WUGC,2016,Colombia,COL,,All,Open/Men,A-M,,,,,,,,,,,,1.60,1.70,1.60,2.00,1.80,8.70,,,,,,
2016-WUGC,2016,India,IND,,All,Women,A-W,,,,,,,,,,,,1.86,2.14,2.71,3.71,2.00,12.42,,,,,,
2016-WUGC,2016,New Zealand,NZL,,All,Women,A-W,,,,,,,,,,,,2.13,2.25,2.63,2.75,2.38,12.14,,,,,,
2016-WUGC,2016,Austria,AUT,,All,Women,A-W,,,,,,,,,,,,2.00,2.00,2.57,2.71,2.29,11.57,,,,,,
2016-WUGC,2016,South Africa,RSA,,All,Women,A-W,,,,,,,,,,,,1.88,2.00,2.38,2.63,2.38,11.27,,,,,,
2016-WUGC,2016,Denmark,DEN,,All,Women,A-W,,,,,,,,,,,,2.00,2.00,2.43,2.43,2.29,11.15,,,,,,
2016-WUGC,2016,Great Britain,GBR,,All,Women,A-W,,,,,,,,,,,,2.29,1.86,2.14,2.71,2.00,11.00,,,,,,
2016-WUGC,2016,Australia,AUS,,All,Women,A-W,,,,,,,,,,,,2.00,1.78,2.67,2.22,2.33,11.00,,,,,,
2016-WUGC,2016,Ireland,IRL,,All,Women,A-W,,,,,,,,,,,,2.00,2.00,2.25,2.50,2.13,10.88,,,,,,
2016-WUGC,2016,Mexico,MEX,,All,Women,A-W,,,,,,,,,,,,2.00,2.00,2.43,2.43,2.00,10.86,,,,,,
2016-WUGC,2016,United States,USA,,All,Women,A-W,,,,,,,,,,,,2.00,2.00,2.00,2.60,2.20,10.80,,,,,,
2016-WUGC,2016,Netherlands,NED,,All,Women,A-W,,,,,,,,,,,,1.88,1.88,2.38,2.13,2.25,10.52,,,,,,
2016-WUGC,2016,Germany,GER,,All,Women,A-W,,,,,,,,,,,,1.89,2.00,2.22,2.22,2.11,10.44,,,,,,
2016-WUGC,2016,Sweden,SWE,,All,Women,A-W,,,,,,,,,,,,1.88,1.63,2.50,2.25,2.13,10.39,,,,,,
2016-WUGC,2016,Belgium,BEL,,All,Women,A-W,,,,,,,,,,,,2.00,1.88,2.13,2.13,2.13,10.27,,,,,,
2016-WUGC,2016,France,FRA,,All,Women,A-W,,,,,,,,,,,,2.00,1.88,2.25,2.00,2.13,10.26,,,,,,
2016-WUGC,2016,Hong Kong,HKG,,All,Women,A-W,,,,,,,,,,,,1.38,1.88,2.25,2.63,2.00,10.14,,,,,,
2016-WUGC,2016,Canada,CAN,,All,Women,A-W,,,,,,,,,,,,2.00,1.78,2.00,2.22,2.00,10.00,,,,,,
2016-WUGC,2016,Japan,JPN,,All,Women,A-W,,,,,,,,,,,,1.90,1.80,2.00,2.20,2.10,10.00,,,,,,
2016-WUGC,2016,Switzerland,SUI,,All,Women,A-W,,,,,,,,,,,,1.89,1.78,2.00,2.33,1.89,9.89,,,,,,
2016-WUGC,2016,Colombia,COL,,All,Women,A-W,,,,,,,,,,,,1.89,1.67,2.00,2.33,2.00,9.89,,,,,,
2016-WUGC,2016,Finland,FIN,,All,Women,A-W,,,,,,,,,,,,1.75,1.88,2.13,2.00,2.13,9.89,,,,,,
2016-WUGC,2016,Philippines,PHI,,All,Women,A-W,,,,,,,,,,,,1.57,1.71,2.00,2.43,2.00,9.71,,,,,,
2016-WUGC,2016,Russia,RUS,,All,Women,A-W,,,,,,,,,,,,1.78,1.56,2.22,2.33,1.78,9.67,,,,,,
2016-WUGC,2016,Italy,ITA,,All,Women,A-W,,,,,,,,,,,,1.71,1.86,1.86,2.00,1.86,9.29,,,,,,
2016-WUGC,2016,Spain,ESP,,All,Women,A-W,,,,,,,,,,,,1.86,1.86,1.57,2.00,1.86,9.15,,,,,,
2016-WUGC,2016,Singapore,SGP,,All,Women,A-W,,,,,,,,,,,,1.38,1.63,1.75,2.00,1.75,8.51,,,,,,
2016-WUGC,2016,Finland,FIN,,All,Mixed,A-X,,,,,,,,,,,,2.00,2.13,2.63,3.00,2.50,12.26,,,,,,
2016-WUGC,2016,Belgium,BEL,,All,Mixed,A-X,,,,,,,,,,,,2.25,2.25,2.38,3.00,2.13,12.01,,,,,,
2016-WUGC,2016,Germany,GER,,All,Mixed,A-X,,,,,,,,,,,,2.00,2.14,2.57,2.71,2.43,11.85,,,,,,
2016-WUGC,2016,Poland,POL,,All,Mixed,A-X,,,,,,,,,,,,2.25,2.13,2.50,2.38,2.50,11.76,,,,,,
2016-WUGC,2016,Norway,NOR,,All,Mixed,A-X,,,,,,,,,,,,1.86,2.14,2.57,2.71,2.43,11.71,,,,,,
2016-WUGC,2016,Portugal,POR,,All,Mixed,A-X,,,,,,,,,,,,2.00,2.00,2.43,3.00,2.29,11.72,,,,,,
2016-WUGC,2016,India,IND,,All,Mixed,A-X,,,,,,,,,,,,1.71,2.00,2.57,3.00,2.29,11.57,,,,,,
2016-WUGC,2016,United States,USA,,All,Mixed,A-X,,,,,,,,,,,,2.10,2.30,2.60,2.40,2.10,11.50,,,,,,
2016-WUGC,2016,Denmark,DEN,,All,Mixed,A-X,,,,,,,,,,,,2.00,2.00,2.50,2.50,2.38,11.38,,,,,,
2016-WUGC,2016,United Arab Emirates,UAE,,All,Mixed,A-X,,,,,,,,,,,,1.75,2.13,2.25,2.63,2.50,11.26,,,,,,
2016-WUGC,2016,Switzerland,SUI,,All,Mixed,A-X,,,,,,,,,,,,2.14,1.71,2.71,2.57,2.00,11.13,,,,,,
2016-WUGC,2016,Israel,ISR,,All,Mixed,A-X,,,,,,,,,,,,1.75,2.13,2.75,2.38,2.13,11.14,,,,,,
2016-WUGC,2016,New Zealand,NZL,,All,Mixed,A-X,,,,,,,,,,,,2.00,1.88,2.25,2.75,2.25,11.13,,,,,,
2016-WUGC,2016,South Korea,KOR,,All,Mixed,A-X,,,,,,,,,,,,1.86,2.00,2.43,2.71,2.00,11.00,,,,,,
2016-WUGC,2016,Ireland,IRL,,All,Mixed,A-X,,,,,,,,,,,,2.00,2.13,2.00,2.63,2.25,11.01,,,,,,
2016-WUGC,2016,Singapore,SGP,,All,Mixed,A-X,,,,,,,,,,,,2.00,2.00,2.29,2.14,2.43,10.86,,,,,,
2016-WUGC,2016,Mexico,MEX,,All,Mixed,A-X,,,,,,,,,,,,1.57,2.00,2.29,2.86,2.00,10.72,,,,,,
2016-WUGC,2016,Australia,AUS,,All,Mixed,A-X,,,,,,,,,,,,1.90,1.60,2.00,2.60,2.50,10.60,,,,,,
2016-WUGC,2016,Austria,AUT,,All,Mixed,A-X,,,,,,,,,,,,2.14,1.71,2.29,2.29,2.14,10.57,,,,,,
2016-WUGC,2016,Hong Kong,HKG,,All,Mixed,A-X,,,,,,,,,,,,1.75,1.75,2.38,2.38,2.25,10.51,,,,,,
2016-WUGC,2016,China,CHN,,All,Mixed,A-X,,,,,,,,,,,,1.86,2.00,2.29,2.29,2.00,10.44,,,,,,
2016-WUGC,2016,Spain,ESP,,All,Mixed,A-X,,,,,,,,,,,,2.00,1.71,2.14,2.29,2.29,10.43,,,,,,
2016-WUGC,2016,Great Britain,GBR,,All,Mixed,A-X,,,,,,,,,,,,2.00,2.00,2.10,2.30,2.00,10.40,,,,,,
2016-WUGC,2016,France,FRA,,All,Mixed,A-X,,,,,,,,,,,,2.00,2.00,2.10,2.30,1.90,10.30,,,,,,
2016-WUGC,2016,Czech Republic,CZE,,All,Mixed,A-X,,,,,,,,,,,,2.00,1.75,2.25,2.13,1.88,10.01,,,,,,
2016-WUGC,2016,Slovakia,SVK,,All,Mixed,A-X,,,,,,,,,,,,1.71,1.71,2.00,2.29,2.29,10.00,,,,,,
2016-WUGC,2016,Canada,CAN,,All,Mixed,A-X,,,,,,,,,,,,1.89,1.78,2.22,2.11,1.89,9.89,,,,,,
2016-WUGC,2016,Japan,JPN,,All,Mixed,A-X,,,,,,,,,,,,1.67,1.11,1.78,2.44,1.89,8.89,,,,,,
2016-WUGC,2016,Philippines,PHI,,All,Mixed,A-X,,,,,,,,,,,,1.50,1.50,1.70,2.00,2.00,8.70,,,,,,
2016-WUGC,2016,Colombia,COL,,All,Mixed,A-X,,,,,,,,,,,,1.50,1.40,1.60,1.70,1.70,7.90,,,,,,
2016-WUGC,2016,New Zealand,NZL,,Master,Open/Men,M-M,,,,,,,,,,,,2.20,2.60,2.80,3.00,3.00,13.60,,,,,,
2016-WUGC,2016,Great Britain,GBR,,Master,Open/Men,M-M,,,,,,,,,,,,2.13,2.13,3.00,2.63,2.63,12.52,,,,,,
2016-WUGC,2016,Belgium,BEL,,Master,Open/Men,M-M,,,,,,,,,,,,2.20,2.20,2.40,3.00,2.60,12.40,,,,,,
2016-WUGC,2016,India,IND,,Master,Open/Men,M-M,,,,,,,,,,,,2.00,2.33,2.33,3.17,2.50,12.33,,,,,,
2016-WUGC,2016,Denmark,DEN,,Master,Open/Men,M-M,,,,,,,,,,,,2.25,2.25,2.38,2.50,2.63,12.01,,,,,,
2016-WUGC,2016,Finland,FIN,,Master,Open/Men,M-M,,,,,,,,,,,,2.20,2.20,2.40,2.80,2.40,12.00,,,,,,
2016-WUGC,2016,Germany,GER,,Master,Open/Men,M-M,,,,,,,,,,,,2.17,2.33,2.33,2.50,2.33,11.66,,,,,,
2016-WUGC,2016,Australia,AUS,,Master,Open/Men,M-M,,,,,,,,,,,,1.86,2.43,2.43,2.57,2.29,11.58,,,,,,
2016-WUGC,2016,South Africa,RSA,,Master,Open/Men,M-M,,,,,,,,,,,,1.83,1.67,2.67,2.83,2.50,11.50,,,,,,
2016-WUGC,2016,France,FRA,,Master,Open/Men,M-M,,,,,,,,,,,,2.20,2.40,2.20,2.20,2.40,11.40,,,,,,
2016-WUGC,2016,Japan,JPN,,Master,Open/Men,M-M,,,,,,,,,,,,2.13,1.88,2.13,2.75,2.38,11.27,,,,,,
2016-WUGC,2016,United States,USA,,Master,Open/Men,M-M,,,,,,,,,,,,2.25,1.88,2.13,2.38,2.38,11.02,,,,,,
2016-WUGC,2016,Canada,CAN,,Master,Open/Men,M-M,,,,,,,,,,,,2.13,1.88,2.13,2.38,2.38,10.90,,,,,,
2016-WUGC,2016,Spain,ESP,,Master,Open/Men,M-M,,,,,,,,,,,,1.83,1.83,2.50,2.33,2.33,10.82,,,,,,
2016-WUGC,2016,Singapore,SGP,,Master,Open/Men,M-M,,,,,,,,,,,,2.00,1.83,2.67,2.17,2.17,10.84,,,,,,
2016-WUGC,2016,Philippines,PHI,,Master,Open/Men,M-M,,,,,,,,,,,,1.71,1.86,2.29,2.43,2.29,10.58,,,,,,
2016-WUGC,2016,Switzerland,SUI,,Master,Open/Men,M-M,,,,,,,,,,,,2.00,1.88,2.13,2.13,2.25,10.39,,,,,,
2016-WUGC,2016,Germany,GER,,Master,Women,M-W,,,,,,,,,,,,2.14,2.00,2.29,2.57,2.43,11.43,,,,,,
2016-WUGC,2016,New Zealand,NZL,,Master,Women,M-W,,,,,,,,,,,,2.14,1.86,2.14,2.57,2.57,11.28,,,,,,
2016-WUGC,2016,Great Britain,GBR,,Master,Women,M-W,,,,,,,,,,,,2.25,2.00,2.38,2.25,2.25,11.13,,,,,,
2016-WUGC,2016,France,FRA,,Master,Women,M-W,,,,,,,,,,,,2.17,1.83,2.00,2.50,2.50,11.00,,,,,,
2016-WUGC,2016,Czech Republic,CZE,,Master,Women,M-W,,,,,,,,,,,,1.86,2.00,2.29,2.57,2.00,10.72,,,,,,
2016-WUGC,2016,Finland,FIN,,Master,Women,M-W,,,,,,,,,,,,1.86,2.00,2.29,2.43,2.00,10.58,,,,,,
2016-WUGC,2016,Canada,CAN,,Master,Women,M-W,,,,,,,,,,,,1.78,1.78,2.22,2.44,2.11,10.33,,,,,,
2016-WUGC,2016,United States,USA,,Master,Women,M-W,,,,,,,,,,,,1.88,1.88,2.13,2.25,2.13,10.27,,,,,,
2016-WUGC,2016,Japan,JPN,,Master,Women,M-W,,,,,,,,,,,,1.75,2.00,2.38,2.13,2.00,10.26,,,,,,
2016-WUGC,2016,Australia,AUS,,Master,Women,M-W,,,,,,,,,,,,2.00,1.67,2.00,2.11,2.22,10.00,,,,,,
2016-WUGC,2016,Netherlands,NED,,Master,Women,M-W,,,,,,,,,,,,1.67,2.00,2.00,2.17,2.00,9.84,,,,,,
2017-AOUGCC,2017,Colony Ultimate,AUS,,All,Open/Men,A-M,,,,,,,,,,,,2.43,2.29,2.57,2.57,2.43,12.29,,,,,,
2017-AOUGCC,2017,Goannas,AUS,,All,Open/Men,A-M,,,,,,,,,,,,2.57,2.14,2.71,2.43,2.86,12.71,,,,,,
2017-AOUGCC,2017,Melbourne Hot Chilly,AUS,,All,Open/Men,A-M,,,,,,,,,,,,2.25,2.13,2.13,2.38,2.00,10.89,,,,,,
2017-AOUGCC,2017,Melbourne Juggernaut,AUS,,All,Open/Men,A-M,,,,,,,,,,,,2.50,2.25,2.50,2.75,2.63,12.63,,,,,,
2017-AOUGCC,2017,CUUP X,CHN,,All,Open/Men,A-M,,,,,,,,,,,,2.14,1.86,2.29,2.43,2.43,11.15,,,,,,
2017-AOUGCC,2017,CUUP Y,CHN,,All,Open/Men,A-M,,,,,,,,,,,,1.71,2.00,2.43,2.43,2.57,11.14,,,,,,
2017-AOUGCC,2017,Boys Weekend,HKG,,All,Open/Men,A-M,,,,,,,,,,,,2.50,2.17,2.50,2.50,2.50,12.17,,,,,,
2017-AOUGCC,2017,Airbenders,IND,,All,Open/Men,A-M,,,,,,,,,,,,2.00,2.50,2.50,3.00,2.75,12.75,,,,,,
2017-AOUGCC,2017,Gorilla Strong,JPN,,All,Open/Men,A-M,,,,,,,,,,,,2.29,2.29,2.29,2.43,2.29,11.59,,,,,,
2017-AOUGCC,2017,Nomadic Tribe,JPN,,All,Open/Men,A-M,,,,,,,,,,,,2.00,1.63,2.38,2.38,2.38,10.77,,,,,,
2017-AOUGCC,2017,Osaka Spirits,JPN,,All,Open/Men,A-M,,,,,,,,,,,,2.29,2.29,3.00,2.71,2.43,12.72,,,,,,
2017-AOUGCC,2017,Carebears,MAS,,All,Open/Men,A-M,,,,,,,,,,,,2.14,2.14,2.14,2.71,2.43,11.56,,,,,,
2017-AOUGCC,2017,Bagani,PHI,,All,Open/Men,A-M,,,,,,,,,,,,2.17,2.00,2.67,2.50,2.17,11.51,,,,,,
2017-AOUGCC,2017,Karne Norte,PHI,,All,Open/Men,A-M,,,,,,,,,,,,2.14,2.14,2.14,2.29,2.29,11.00,,,,,,
2017-AOUGCC,2017,Pancake,PHI,,All,Open/Men,A-M,,,,,,,,,,,,2.00,2.43,2.57,2.14,2.29,11.43,,,,,,
2017-AOUGCC,2017,Vicious,PHI,,All,Open/Men,A-M,,,,,,,,,,,,2.13,2.00,2.25,2.25,2.38,11.01,,,,,,
2017-AOUGCC,2017,Youngblood,PHI,,All,Open/Men,A-M,,,,,,,,,,,,2.33,2.50,2.67,2.67,2.67,12.84,,,,,,
2017-AOUGCC,2017,Cracker Clutch,SGP,,All,Open/Men,A-M,,,,,,,,,,,,2.25,2.38,2.75,2.25,2.38,12.01,,,,,,
2017-AOUGCC,2017,Cracker Crush,SGP,,All,Open/Men,A-M,,,,,,,,,,,,2.00,2.00,1.71,2.29,2.43,10.43,,,,,,
2017-AOUGCC,2017,OUCH,SGP,,All,Open/Men,A-M,,,,,,,,,,,,2.33,2.67,2.83,2.67,2.33,12.83,,,,,,
2017-AOUGCC,2017,Hao Cool,TPE,,All,Open/Men,A-M,,,,,,,,,,,,1.75,1.75,1.88,2.38,1.75,9.51,,,,,,
2017-AOUGCC,2017,Ultimahoix - MIT,TPE,,All,Open/Men,A-M,,,,,,,,,,,,2.00,1.67,2.33,2.17,2.00,10.17,,,,,,
2017-AOUGCC,2017,Bauhaus,AUS,,All,Women,A-W,,,,,,,,,,,,2.29,2.14,2.71,3.00,2.57,12.71,,,,,,
2017-AOUGCC,2017,Kaos,AUS,,All,Women,A-W,,,,,,,,,,,,2.14,2.29,2.43,2.86,2.57,12.29,,,,,,
2017-AOUGCC,2017,CUUP,CHN,,All,Women,A-W,,,,,,,,,,,,2.17,2.00,2.17,2.17,2.33,10.84,,,,,,
2017-AOUGCC,2017,Black Kites,HKG,,All,Women,A-W,,,,,,,,,,,,1.67,2.00,1.83,2.50,2.50,10.50,,,,,,
2017-AOUGCC,2017,Huck,JPN,,All,Women,A-W,,,,,,,,,,,,2.38,2.25,2.50,2.75,2.50,12.38,,,,,,
2017-AOUGCC,2017,Carebears,MAS,,All,Women,A-W,,,,,,,,,,,,2.14,2.14,2.43,2.43,2.43,11.57,,,,,,
2017-AOUGCC,2017,Bad Blood,PHI,,All,Women,A-W,,,,,,,,,,,,2.00,2.14,2.57,2.57,2.57,11.85,,,,,,
2017-AOUGCC,2017,Vicious,PHI,,All,Women,A-W,,,,,,,,,,,,1.88,1.88,2.38,2.38,1.88,10.40,,,,,,
2017-AOUGCC,2017,Havoc Mayhem,SGP,,All,Women,A-W,,,,,,,,,,,,2.00,1.86,2.14,2.29,2.29,10.58,,,,,,
2017-AOUGCC,2017,Havoc Rampage,SGP,,All,Women,A-W,,,,,,,,,,,,2.29,2.14,2.71,2.71,2.86,12.71,,,,,,
2017-AOUGCC,2017,Demigodess,TPE,,All,Women,A-W,,,,,,,,,,,,2.00,1.63,2.13,2.00,2.13,9.89,,,,,,
2017-AOUGCC,2017,Blue Bottles,AUS,,All,Mixed,A-X,,,,,,,,,,,,2.14,2.29,2.43,2.57,2.43,11.86,,,,,,
2017-AOUGCC,2017,Pradigm,AUS,,All,Mixed,A-X,,,,,,,,,,,,2.17,1.83,2.00,2.50,2.67,11.17,,,,,,
2017-AOUGCC,2017,Sublime,AUS,,All,Mixed,A-X,,,,,,,,,,,,2.25,1.88,2.63,2.50,2.63,11.89,,,,,,
2017-AOUGCC,2017,Vanguard,AUS,,All,Mixed,A-X,,,,,,,,,,,,1.83,1.83,2.33,2.33,2.17,10.49,,,,,,
2017-AOUGCC,2017,Cambodia Ultimate,CAM,,All,Mixed,A-X,,,,,,,,,,,,2.17,2.67,2.50,3.00,2.33,12.67,,,,,,
2017-AOUGCC,2017,CUUP,CHN,,All,Mixed,A-X,,,,,,,,,,,,1.50,1.38,1.38,1.88,1.75,7.89,,,,,,
2017-AOUGCC,2017,Double T,HKG,,All,Mixed,A-X,,,,,,,,,,,,1.80,1.60,2.20,2.00,1.80,9.40,,,,,,
2017-AOUGCC,2017,Airborne,IND,,All,Mixed,A-X,,,,,,,,,,,,1.83,1.83,2.00,2.67,2.17,10.50,,,,,,
2017-AOUGCC,2017,Garudas,INA,,All,Mixed,A-X,,,,,,,,,,,,2.17,2.33,2.83,3.00,2.67,13.00,,,,,,
2017-AOUGCC,2017,Café De Ludia,JPN,,All,Mixed,A-X,,,,,,,,,,,,2.33,2.00,2.33,2.50,2.33,11.49,,,,,,
2017-AOUGCC,2017,IKU,JPN,,All,Mixed,A-X,,,,,,,,,,,,2.57,2.43,3.00,2.86,2.86,13.72,,,,,,
2017-AOUGCC,2017,Osaka Natto,JPN,,All,Mixed,A-X,,,,,,,,,,,,2.14,1.71,2.43,2.57,2.00,10.85,,,,,,
2017-AOUGCC,2017,Badgers,MAS,,All,Mixed,A-X,,,,,,,,,,,,2.29,1.86,2.29,2.43,2.43,11.30,,,,,,
2017-AOUGCC,2017,Islanders,MAS,,All,Mixed,A-X,,,,,,,,,,,,2.17,1.83,2.17,2.17,2.00,10.34,,,,,,
2017-AOUGCC,2017,Rojaks,MAS,,All,Mixed,A-X,,,,,,,,,,,,2.33,2.17,2.50,2.67,2.50,12.17,,,,,,
2017-AOUGCC,2017,Aotearoa,NZL,,All,Mixed,A-X,,,,,,,,,,,,2.50,2.33,2.67,3.33,3.17,14.00,,,,,,
2017-AOUGCC,2017,Alpha,PHI,,All,Mixed,A-X,,,,,,,,,,,,1.83,1.83,1.83,2.17,2.17,9.83,,,,,,
2017-AOUGCC,2017,Boracay Bandits,PHI,,All,Mixed,A-X,,,,,,,,,,,,2.29,2.29,2.43,2.43,2.14,11.58,,,,,,
2017-AOUGCC,2017,CGY Ninjas,PHI,,All,Mixed,A-X,,,,,,,,,,,,1.14,1.43,1.86,2.00,1.86,8.29,,,,,,
2017-AOUGCC,2017,Mulatto,PHI,,All,Mixed,A-X,,,,,,,,,,,,2.00,1.86,2.57,2.57,2.14,11.14,,,,,,
2017-AOUGCC,2017,SP,PHI,,All,Mixed,A-X,,,,,,,,,,,,2.00,1.71,2.00,2.29,2.14,10.14,,,,,,
2017-AOUGCC,2017,Chuckies,SGP,,All,Mixed,A-X,,,,,,,,,,,,2.13,1.75,1.63,2.25,2.25,10.01,,,,,,
2017-AOUGCC,2017,Freakshow,SGP,,All,Mixed,A-X,,,,,,,,,,,,1.75,1.50,2.13,2.38,2.63,10.39,,,,,,
2017-AOUGCC,2017,Rascals,SGP,,All,Mixed,A-X,,,,,,,,,,,,2.00,2.00,2.38,2.50,2.13,11.01,,,,,,
2017-AOUGCC,2017,#LGW,KOR,,All,Mixed,A-X,,,,,,,,,,,,2.33,2.33,2.67,2.33,2.50,12.16,,,,,,
2017-AOUGCC,2017,Supernova,TPE,,All,Mixed,A-X,,,,,,,,,,,,1.75,1.75,2.13,2.25,2.13,10.01,,,,,,
2017-AOUGCC,2017,Whisby Nation,TPE,,All,Mixed,A-X,,,,,,,,,,,,2.00,2.14,2.43,2.43,2.43,11.43,,,,,,
2017-AOUGCC,2017,Thaitanium,THA,,All,Mixed,A-X,,,,,,,,,,,,1.83,1.83,2.17,2.67,1.83,10.33,,,,,,
2017-PAUCC,2017,LegiÃ³n,ARG,,All,Open/Men,A-M,,,,,,,,,,,,1.60,1.90,2.20,2.20,2.10,10.00,,,,,,
2017-PAUCC,2017,Soulfrisbee,BRA,,All,Open/Men,A-M,,,,,,,,,,,,2.13,2.25,2.50,2.75,2.38,12.01,,,,,,
2017-PAUCC,2017,Alberta Flatball Club,CAN,,All,Open/Men,A-M,,,,,,,,,,,,2.44,2.11,2.67,2.67,2.22,12.11,,,,,,
2017-PAUCC,2017,Frisbulls,CHI,,All,Open/Men,A-M,,,,,,,,,,,,2.13,1.75,2.25,2.38,2.13,10.64,,,,,,
2017-PAUCC,2017,Gravedad Zero,CHI,,All,Open/Men,A-M,,,,,,,,,,,,1.70,1.80,2.00,2.20,2.20,9.90,,,,,,
2017-PAUCC,2017,Comunidad El Oso,COL,,All,Open/Men,A-M,,,,,,,,,,,,1.89,1.78,2.11,2.44,2.22,10.44,,,,,,
2017-PAUCC,2017,Discountry,COL,,All,Open/Men,A-M,,,,,,,,,,,,1.56,1.56,1.89,2.22,2.00,9.23,,,,,,
2017-PAUCC,2017,Voltaje,COL,,All,Open/Men,A-M,,,,,,,,,,,,1.89,1.89,2.22,2.33,2.11,10.44,,,,,,
2017-PAUCC,2017,Charrua,URU,,All,Open/Men,A-M,,,,,,,,,,,,1.80,1.70,1.60,2.40,2.00,9.50,,,,,,
2017-PAUCC,2017,Warao,VEN,,All,Open/Men,A-M,,,,,,,,,,,,1.50,1.60,2.00,1.80,1.80,8.70,,,,,,
2017-PAUCC,2017,Actitud Pizza,ARG,,All,Women,A-W,,,,,,,,,,,,2.00,1.80,2.10,2.80,2.20,10.90,,,,,,
2017-PAUCC,2017,Elektras,BRA,,All,Women,A-W,,,,,,,,,,,,1.78,2.00,2.33,2.33,2.11,10.55,,,,,,
2017-PAUCC,2017,Flurry,CAN,,All,Women,A-W,,,,,,,,,,,,2.11,2.00,2.22,2.22,2.11,10.66,,,,,,
2017-PAUCC,2017,QUB,CAN,,All,Women,A-W,,,,,,,,,,,,1.80,2.10,2.40,2.30,2.00,10.60,,,,,,
2017-PAUCC,2017,Aerosoul,COL,,All,Women,A-W,,,,,,,,,,,,1.70,1.70,2.10,2.00,2.10,9.60,,,,,,
2017-PAUCC,2017,Bamboo,COL,,All,Women,A-W,,,,,,,,,,,,1.67,1.56,2.11,2.22,2.00,9.56,,,,,,
2017-PAUCC,2017,Mambas,COL,,All,Women,A-W,,,,,,,,,,,,1.56,2.11,1.67,2.33,2.00,9.67,,,,,,
2017-PAUCC,2017,Revolution,COL,,All,Women,A-W,,,,,,,,,,,,2.00,1.89,2.11,2.67,2.00,10.67,,,,,,
2017-PAUCC,2017,Mamajuana,DOM,,All,Women,A-W,,,,,,,,,,,,1.56,1.67,2.22,2.11,2.11,9.67,,,,,,
2017-PAUCC,2017,12 Monos,ARG,,All,Mixed,A-X,,,,,,,,,,,,1.75,1.63,2.00,2.63,2.25,10.26,,,,,,
2017-PAUCC,2017,Espartanos,ARG,,All,Mixed,A-X,,,,,,,,,,,,1.63,1.63,1.38,2.00,1.50,8.14,,,,,,
2017-PAUCC,2017,JaurÃ­a,ARG,,All,Mixed,A-X,,,,,,,,,,,,1.63,1.75,1.75,2.50,2.00,9.63,,,,,,
2017-PAUCC,2017,Anchor,CAN,,All,Mixed,A-X,,,,,,,,,,,,1.63,2.25,2.38,2.38,2.38,11.02,,,,,,
2017-PAUCC,2017,Local 613,CAN,,All,Mixed,A-X,,,,,,,,,,,,1.89,2.11,2.22,2.22,2.33,10.77,,,,,,
2017-PAUCC,2017,Killtros,CHI,,All,Mixed,A-X,,,,,,,,,,,,1.88,2.25,2.13,2.38,2.25,10.89,,,,,,
2017-PAUCC,2017,Comunidad del Viento,COL,,All,Mixed,A-X,,,,,,,,,,,,1.56,1.44,1.89,1.89,1.89,8.67,,,,,,
2017-PAUCC,2017,Fire,COL,,All,Mixed,A-X,,,,,,,,,,,,1.75,1.63,1.75,2.00,1.75,8.88,,,,,,
2017-PAUCC,2017,Makawua,COL,,All,Mixed,A-X,,,,,,,,,,,,1.71,1.86,2.14,2.14,2.29,10.14,,,,,,
2017-PAUCC,2017,Voltaje,COL,,All,Mixed,A-X,,,,,,,,,,,,1.50,2.25,1.88,2.25,1.75,9.63,,,,,,
2017-PAUCC,2017,CÃ³ndor,MEX,,All,Mixed,A-X,,,,,,,,,,,,2.13,1.88,2.25,2.75,2.38,11.39,,,,,,
2017-PAUCC,2017,Panama,PAN,,All,Mixed,A-X,,,,,,,,,,,,1.75,1.38,1.75,2.25,1.88,9.01,,,,,,
2017-PAUCC,2017,AMP,USA,,All,Mixed,A-X,,,,,,,,,,,,2.00,2.13,2.13,2.50,2.13,10.89,,,,,,
2017-PAUCC,2017,DoubleDown,USA,,All,Mixed,A-X,,,,,,,,,,,,2.00,1.86,2.00,1.86,2.00,9.72,,,,,,
2017-PAUCC,2017,Drag n Thrust,USA,,All,Mixed,A-X,,,,,,,,,,,,2.14,1.86,2.00,1.86,1.86,9.72,,,,,,
2017-PAUCC,2017,Mischief,USA,,All,Mixed,A-X,,,,,,,,,,,,2.00,2.00,2.13,2.38,2.25,10.76,,,,,,
2017-PAUCC,2017,Steamboat,USA,,All,Mixed,A-X,,,,,,,,,,,,2.22,2.11,2.89,2.78,2.33,12.33,,,,,,
2017-PAUCC,2017,Carbon,CAN,,Master,Open/Men,M-M,,,,,,,,,,,,2.13,2.25,2.38,2.50,2.50,11.76,,,,,,
2017-PAUCC,2017,Grizzle,CAN,,Master,Open/Men,M-M,,,,,,,,,,,,2.00,2.11,2.67,2.78,2.11,11.67,,,,,,
2017-PAUCC,2017,NSOM,CAN,,Master,Open/Men,M-M,,,,,,,,,,,,2.00,1.78,1.89,2.33,2.33,10.33,,,,,,
2017-PAUCC,2017,Beyondors,USA,,Master,Open/Men,M-M,,,,,,,,,,,,2.22,1.89,2.22,2.33,2.56,11.22,,,,,,
2017-PAUCC,2017,Black Cans & Highlands,USA,,Master,Open/Men,M-M,,,,,,,,,,,,2.00,1.78,2.22,1.89,2.56,10.45,,,,,,
2017-WCBU,2017,New Zealand,NZL,,All,Open/Men,A-M,,,,,,,,,,,,2.00,2.23,2.69,2.92,2.62,12.46,,,,,,
2017-WCBU,2017,United States,USA,,All,Open/Men,A-M,,,,,,,,,,,,2.08,2.23,2.54,2.69,2.38,11.92,,,,,,
2017-WCBU,2017,Currier Island,CUI,,All,Open/Men,A-M,,,,,,,,,,,,2.07,2.21,2.36,2.64,2.50,11.78,,,,,,
2017-WCBU,2017,Japan,JPN,,All,Open/Men,A-M,,,,,,,,,,,,2.00,2.31,2.38,2.77,2.23,11.69,,,,,,
2017-WCBU,2017,Germany,GER,,All,Open/Men,A-M,,,,,,,,,,,,2.07,2.07,2.36,2.64,2.43,11.57,,,,,,
2017-WCBU,2017,Spain,ESP,,All,Open/Men,A-M,,,,,,,,,,,,2.08,2.08,2.38,2.62,2.38,11.54,,,,,,
2017-WCBU,2017,Denmark,DEN,,All,Open/Men,A-M,,,,,,,,,,,,1.92,2.08,2.69,2.23,2.54,11.46,,,,,,
2017-WCBU,2017,Philippines,PHI,,All,Open/Men,A-M,,,,,,,,,,,,1.86,2.00,2.36,2.57,2.43,11.22,,,,,,
2017-WCBU,2017,Poland,POL,,All,Open/Men,A-M,,,,,,,,,,,,1.92,1.92,2.46,2.54,2.31,11.15,,,,,,
2017-WCBU,2017,Singapore,SGP,,All,Open/Men,A-M,,,,,,,,,,,,1.92,2.15,2.38,2.62,2.08,11.15,,,,,,
2017-WCBU,2017,Belgium,BEL,,All,Open/Men,A-M,,,,,,,,,,,,1.93,1.93,2.43,2.50,2.36,11.15,,,,,,
2017-WCBU,2017,Canada,CAN,,All,Open/Men,A-M,,,,,,,,,,,,1.92,1.92,2.23,2.54,2.46,11.07,,,,,,
2017-WCBU,2017,Ireland,IRL,,All,Open/Men,A-M,,,,,,,,,,,,2.07,2.00,2.29,2.07,2.36,10.79,,,,,,
2017-WCBU,2017,Italy,ITA,,All,Open/Men,A-M,,,,,,,,,,,,2.00,1.86,2.29,2.29,2.36,10.80,,,,,,
2017-WCBU,2017,Australia,AUS,,All,Open/Men,A-M,,,,,,,,,,,,1.93,2.07,1.93,2.43,2.36,10.72,,,,,,
2017-WCBU,2017,Sweden,SWE,,All,Open/Men,A-M,,,,,,,,,,,,1.86,1.93,2.21,2.36,2.36,10.72,,,,,,
2017-WCBU,2017,Switzerland,SUI,,All,Open/Men,A-M,,,,,,,,,,,,2.00,1.85,2.23,2.31,2.31,10.70,,,,,,
2017-WCBU,2017,Russia,RUS,,All,Open/Men,A-M,,,,,,,,,,,,1.85,1.62,2.08,2.54,2.23,10.32,,,,,,
2017-WCBU,2017,France,FRA,,All,Open/Men,A-M,,,,,,,,,,,,1.93,1.79,2.14,2.50,1.93,10.29,,,,,,
2017-WCBU,2017,Great Britain,GBR,,All,Open/Men,A-M,,,,,,,,,,,,2.14,1.79,2.07,2.07,2.21,10.28,,,,,,
2017-WCBU,2017,Netherlands,NED,,All,Open/Men,A-M,,,,,,,,,,,,1.85,2.00,1.92,2.31,2.08,10.16,,,,,,
2017-WCBU,2017,Ukraine,UKR,,All,Open/Men,A-M,,,,,,,,,,,,1.69,2.08,2.08,1.85,2.15,9.85,,,,,,
2017-WCBU,2017,Austria,AUT,,All,Women,A-W,,,,,,,,,,,,2.00,2.08,2.46,2.92,2.38,11.84,,,,,,
2017-WCBU,2017,Australia,AUS,,All,Women,A-W,,,,,,,,,,,,1.92,2.00,2.46,2.77,2.31,11.46,,,,,,
2017-WCBU,2017,Germany,GER,,All,Women,A-W,,,,,,,,,,,,2.08,2.23,2.15,2.46,2.38,11.30,,,,,,
2017-WCBU,2017,Singapore,SGP,,All,Women,A-W,,,,,,,,,,,,1.77,2.08,2.15,3.15,2.08,11.23,,,,,,
2017-WCBU,2017,Czech Republic,CZE,,All,Women,A-W,,,,,,,,,,,,2.08,2.15,2.23,2.54,2.00,11.00,,,,,,
2017-WCBU,2017,Great Britain,GBR,,All,Women,A-W,,,,,,,,,,,,2.00,2.15,2.08,2.46,2.15,10.84,,,,,,
2017-WCBU,2017,USA,USA,,All,Women,A-W,,,,,,,,,,,,2.00,2.08,2.08,2.54,2.08,10.78,,,,,,
2017-WCBU,2017,Spain,ESP,,All,Women,A-W,,,,,,,,,,,,2.00,2.00,2.23,2.23,2.23,10.69,,,,,,
2017-WCBU,2017,Switzerland,SUI,,All,Women,A-W,,,,,,,,,,,,2.00,1.92,2.08,2.46,2.08,10.54,,,,,,
2017-WCBU,2017,Denmark,DEN,,All,Women,A-W,,,,,,,,,,,,2.00,1.77,2.23,2.46,2.00,10.46,,,,,,
2017-WCBU,2017,France,FRA,,All,Women,A-W,,,,,,,,,,,,1.85,2.08,2.23,2.38,1.85,10.39,,,,,,
2017-WCBU,2017,Estonia,EST,,All,Women,A-W,,,,,,,,,,,,1.92,2.00,2.08,2.38,1.92,10.30,,,,,,
2017-WCBU,2017,Russia,RUS,,All,Women,A-W,,,,,,,,,,,,1.92,1.69,2.08,2.38,2.15,10.22,,,,,,
2017-WCBU,2017,Canada,CAN,,All,Women,A-W,,,,,,,,,,,,1.92,1.77,2.15,2.23,1.92,9.99,,,,,,
2017-WCBU,2017,Latvia,LAT,,All,Women,A-W,,,,,,,,,,,,1.77,1.77,1.85,2.46,2.00,9.85,,,,,,
2017-WCBU,2017,UAE,UAE,,All,Women,A-W,,,,,,,,,,,,1.77,1.69,1.85,2.31,1.92,9.54,,,,,,
2017-WCBU,2017,New Zealand,NZL,,All,Mixed,A-X,,,,,,,,,,,,2.00,2.25,2.67,3.00,2.75,12.67,,,,,,
2017-WCBU,2017,USA,USA,,All,Mixed,A-X,,,,,,,,,,,,2.17,2.00,2.58,2.83,2.50,12.08,,,,,,
2017-WCBU,2017,Poland,POL,,All,Mixed,A-X,,,,,,,,,,,,2.00,2.08,2.58,3.17,2.17,12.00,,,,,,
2017-WCBU,2017,Venezuela,VEN,,All,Mixed,A-X,,,,,,,,,,,,2.00,2.17,2.42,3.17,2.25,12.01,,,,,,
2017-WCBU,2017,Ireland,IRL,,All,Mixed,A-X,,,,,,,,,,,,2.08,2.25,2.42,3.00,2.17,11.92,,,,,,
2017-WCBU,2017,Germany,GER,,All,Mixed,A-X,,,,,,,,,,,,2.08,2.42,2.33,2.75,2.17,11.75,,,,,,
2017-WCBU,2017,Portugal,POR,,All,Mixed,A-X,,,,,,,,,,,,2.17,1.83,2.75,2.83,2.17,11.75,,,,,,
2017-WCBU,2017,Belgium,BEL,,All,Mixed,A-X,,,,,,,,,,,,2.00,2.08,2.33,2.83,2.33,11.57,,,,,,
2017-WCBU,2017,Turkey,TUR,,All,Mixed,A-X,,,,,,,,,,,,1.75,2.08,2.50,2.67,2.17,11.17,,,,,,
2017-WCBU,2017,Dominican Republic,DOM,,All,Mixed,A-X,,,,,,,,,,,,1.92,1.83,2.33,2.58,2.42,11.08,,,,,,
2017-WCBU,2017,Australia,AUS,,All,Mixed,A-X,,,,,,,,,,,,2.08,2.00,2.08,2.50,2.25,10.91,,,,,,
2017-WCBU,2017,Czech Republic,CZE,,All,Mixed,A-X,,,,,,,,,,,,1.92,2.08,2.42,2.42,2.08,10.92,,,,,,
2017-WCBU,2017,Great Britain,GBR,,All,Mixed,A-X,,,,,,,,,,,,2.00,1.75,2.42,2.33,2.42,10.92,,,,,,
2017-WCBU,2017,Malaysia,MAS,,All,Mixed,A-X,,,,,,,,,,,,1.58,2.00,2.42,2.83,2.08,10.91,,,,,,
2017-WCBU,2017,Philippines,PHI,,All,Mixed,A-X,,,,,,,,,,,,1.92,2.00,1.92,2.75,2.33,10.92,,,,,,
2017-WCBU,2017,Currier Island,CUI,,All,Mixed,A-X,,,,,,,,,,,,1.67,2.00,2.17,2.58,2.42,10.84,,,,,,
2017-WCBU,2017,Japan,JPN,,All,Mixed,A-X,,,,,,,,,,,,1.75,1.92,2.42,2.75,2.00,10.84,,,,,,
2017-WCBU,2017,Mexico,MEX,,All,Mixed,A-X,,,,,,,,,,,,1.58,2.08,2.33,2.75,2.08,10.82,,,,,,
2017-WCBU,2017,France,FRA,,All,Mixed,A-X,,,,,,,,,,,,2.00,1.83,2.17,2.50,2.17,10.67,,,,,,
2017-WCBU,2017,Korea,KOR,,All,Mixed,A-X,,,,,,,,,,,,1.83,2.08,2.25,2.42,2.08,10.66,,,,,,
2017-WCBU,2017,Switzerland,SUI,,All,Mixed,A-X,,,,,,,,,,,,2.00,1.92,2.25,2.33,2.17,10.67,,,,,,
2017-WCBU,2017,Austria,AUT,,All,Mixed,A-X,,,,,,,,,,,,1.83,2.00,2.17,2.42,2.17,10.59,,,,,,
2017-WCBU,2017,UAE,UAE,,All,Mixed,A-X,,,,,,,,,,,,1.92,2.00,2.08,2.42,2.17,10.59,,,,,,
2017-WCBU,2017,Spain,ESP,,All,Mixed,A-X,,,,,,,,,,,,2.08,1.83,2.17,2.33,2.00,10.41,,,,,,
2017-WCBU,2017,Guam,GUM,,All,Mixed,A-X,,,,,,,,,,,,1.83,1.92,2.08,2.42,2.08,10.33,,,,,,
2017-WCBU,2017,Netherlands,NED,,All,Mixed,A-X,,,,,,,,,,,,1.92,1.92,2.08,2.17,2.25,10.34,,,,,,
2017-WCBU,2017,Sweden,SWE,,All,Mixed,A-X,,,,,,,,,,,,1.92,1.83,2.25,2.08,2.17,10.25,,,,,,
2017-WCBU,2017,Ukraine,UKR,,All,Mixed,A-X,,,,,,,,,,,,1.50,1.92,2.25,2.42,1.92,10.01,,,,,,
2017-WCBU,2017,Italy,ITA,,All,Mixed,A-X,,,,,,,,,,,,1.83,1.75,2.25,2.08,2.00,9.91,,,,,,
2017-WCBU,2017,India,IND,,All,Mixed,A-X,,,,,,,,,,,,1.58,1.75,2.08,2.42,1.83,9.66,,,,,,
2017-WCBU,2017,Russia,RUS,,All,Mixed,A-X,,,,,,,,,,,,1.83,1.67,2.00,2.17,2.00,9.67,,,,,,
2017-WCBU,2017,Canada,CAN,,All,Mixed,A-X,,,,,,,,,,,,1.83,1.58,1.83,2.33,2.00,9.57,,,,,,
2017-WCBU,2017,Spain,ESP,,Grand Master,Open/Men,GM-M,,,,,,,,,,,,1.82,2.18,2.91,2.91,2.36,12.18,,,,,,
2017-WCBU,2017,Germany,GER,,Grand Master,Open/Men,GM-M,,,,,,,,,,,,2.09,2.00,2.64,2.82,2.45,12.00,,,,,,
2017-WCBU,2017,Japan,JPN,,Grand Master,Open/Men,GM-M,,,,,,,,,,,,2.00,2.40,2.80,2.70,2.10,12.00,,,,,,
2017-WCBU,2017,United States,USA,,Grand Master,Open/Men,GM-M,,,,,,,,,,,,2.18,2.18,2.45,2.73,2.45,11.99,,,,,,
2017-WCBU,2017,France,FRA,,Grand Master,Open/Men,GM-M,,,,,,,,,,,,1.91,2.18,2.64,2.73,2.09,11.55,,,,,,
2017-WCBU,2017,Great Britain,GBR,,Grand Master,Open/Men,GM-M,,,,,,,,,,,,2.36,1.91,2.27,2.64,2.27,11.45,,,,,,
2017-WCBU,2017,United Arab Emirates,UAE,,Grand Master,Open/Men,GM-M,,,,,,,,,,,,1.70,2.00,2.50,2.80,2.40,11.40,,,,,,
2017-WCBU,2017,Canada,CAN,,Grand Master,Open/Men,GM-M,,,,,,,,,,,,2.09,1.64,2.09,2.36,2.45,10.63,,,,,,
2017-WCBU,2017,Finland,FIN,,Grand Master,Open/Men,GM-M,,,,,,,,,,,,2.00,1.91,2.09,2.55,2.00,10.55,,,,,,
2017-WCBU,2017,Sweden,SWE,,Grand Master,Open/Men,GM-M,,,,,,,,,,,,1.91,1.91,2.09,2.18,2.18,10.27,,,,,,
2017-WCBU,2017,India,IND,,Master,Open/Men,M-M,,,,,,,,,,,,2.17,2.33,2.75,2.92,2.67,12.84,,,,,,
2017-WCBU,2017,Ireland,IRL,,Master,Open/Men,M-M,,,,,,,,,,,,2.00,2.17,2.50,2.92,2.50,12.09,,,,,,
2017-WCBU,2017,Netherlands,NED,,Master,Open/Men,M-M,,,,,,,,,,,,2.00,2.17,2.58,2.75,2.50,12.00,,,,,,
2017-WCBU,2017,Australia,AUS,,Master,Open/Men,M-M,,,,,,,,,,,,2.00,2.18,2.36,2.82,2.55,11.91,,,,,,
2017-WCBU,2017,Great Britain,GBR,,Master,Open/Men,M-M,,,,,,,,,,,,2.00,2.18,2.64,2.64,2.36,11.82,,,,,,
2017-WCBU,2017,Germany,GER,,Master,Open/Men,M-M,,,,,,,,,,,,2.08,2.25,2.33,2.58,2.50,11.74,,,,,,
2017-WCBU,2017,United States,USA,,Master,Open/Men,M-M,,,,,,,,,,,,2.18,1.91,2.36,2.91,2.18,11.54,,,,,,
2017-WCBU,2017,Czech Republic,CZE,,Master,Open/Men,M-M,,,,,,,,,,,,2.00,2.00,2.42,2.83,2.17,11.42,,,,,,
2017-WCBU,2017,Singapore,SGP,,Master,Open/Men,M-M,,,,,,,,,,,,1.73,2.18,2.64,2.64,2.09,11.28,,,,,,
2017-WCBU,2017,Switzerland,SUI,,Master,Open/Men,M-M,,,,,,,,,,,,1.91,2.09,2.36,2.73,2.18,11.27,,,,,,
2017-WCBU,2017,Russia,RUS,,Master,Open/Men,M-M,,,,,,,,,,,,2.00,1.92,2.42,2.67,2.17,11.18,,,,,,
2017-WCBU,2017,Spain,ESP,,Master,Open/Men,M-M,,,,,,,,,,,,1.82,2.27,2.45,2.55,2.00,11.09,,,,,,
2017-WCBU,2017,France,FRA,,Master,Open/Men,M-M,,,,,,,,,,,,1.91,2.18,2.18,2.36,2.18,10.81,,,,,,
2017-WCBU,2017,Canada,CAN,,Master,Open/Men,M-M,,,,,,,,,,,,1.91,1.45,2.09,1.91,2.09,9.45,,,,,,
2017-WCBU,2017,Australia,AUS,,Master,Women,M-W,,,,,,,,,,,,2.23,2.15,2.23,2.69,2.31,11.61,,,,,,
2017-WCBU,2017,Germany,GER,,Master,Women,M-W,,,,,,,,,,,,2.08,2.15,2.46,2.85,2.00,11.54,,,,,,
2017-WCBU,2017,Great Britain,GBR,,Master,Women,M-W,,,,,,,,,,,,2.00,2.15,2.23,2.54,2.31,11.23,,,,,,
2017-WCBU,2017,Denmark,DEN,,Master,Women,M-W,,,,,,,,,,,,2.08,2.00,2.23,2.69,2.15,11.15,,,,,,
2017-WCBU,2017,USA,USA,,Master,Women,M-W,,,,,,,,,,,,2.08,2.08,2.46,2.46,2.08,11.16,,,,,,
2017-WCBU,2017,Netherlands,NED,,Master,Women,M-W,,,,,,,,,,,,2.00,2.00,2.23,2.54,2.31,11.08,,,,,,
2017-WCBU,2017,Currier Island,CUI,,Master,Women,M-W,,,,,,,,,,,,2.00,1.92,2.31,2.62,2.08,10.93,,,,,,
2017-WCBU,2017,Philippines,PHI,,Master,Women,M-W,,,,,,,,,,,,1.54,2.08,2.23,3.00,2.08,10.93,,,,,,
2017-WCBU,2017,Sweden,SWE,,Master,Women,M-W,,,,,,,,,,,,2.08,1.92,2.31,2.38,2.23,10.92,,,,,,
2017-WCBU,2017,Spain,ESP,,Master,Women,M-W,,,,,,,,,,,,1.85,1.85,2.23,2.46,2.15,10.54,,,,,,
2017-WCBU,2017,France,FRA,,Master,Women,M-W,,,,,,,,,,,,1.85,2.00,2.00,2.46,2.00,10.31,,,,,,
2017-WCBU,2017,Canada,CAN,,Master,Women,M-W,,,,,,,,,,,,1.69,1.38,1.92,2.38,2.00,9.37,,,,,,
2017-WCBU,2017,Japan,JPN,,Master,Mixed,M-X,,,,,,,,,,,,2.00,2.23,2.46,2.92,2.15,11.76,,,,,,
2017-WCBU,2017,Switzerland,SUI,,Master,Mixed,M-X,,,,,,,,,,,,2.08,2.31,2.62,2.54,2.15,11.70,,,,,,
2017-WCBU,2017,Great Britain,GBR,,Master,Mixed,M-X,,,,,,,,,,,,2.23,1.85,2.23,2.62,2.38,11.31,,,,,,
2017-WCBU,2017,Currier Island,CUI,,Master,Mixed,M-X,,,,,,,,,,,,1.85,2.08,2.31,2.77,2.15,11.16,,,,,,
2017-WCBU,2017,USA,USA,,Master,Mixed,M-X,,,,,,,,,,,,2.08,1.92,2.38,2.46,2.23,11.07,,,,,,
2017-WCBU,2017,Spain,ESP,,Master,Mixed,M-X,,,,,,,,,,,,2.00,2.08,2.38,2.46,2.08,11.00,,,,,,
2017-WCBU,2017,Finland,FIN,,Master,Mixed,M-X,,,,,,,,,,,,1.92,2.00,2.31,2.54,2.15,10.92,,,,,,
2017-WCBU,2017,Germany,GER,,Master,Mixed,M-X,,,,,,,,,,,,1.85,2.08,2.15,2.31,2.31,10.70,,,,,,
2017-WCBU,2017,Hungary,HUN,,Master,Mixed,M-X,,,,,,,,,,,,2.08,1.92,2.23,2.31,2.15,10.69,,,,,,
2017-WCBU,2017,France,FRA,,Master,Mixed,M-X,,,,,,,,,,,,1.92,1.69,2.23,2.08,2.00,9.92,,,,,,
2017-WCBU,2017,Canada,CAN,,Master,Mixed,M-X,,,,,,,,,,,,2.08,1.62,1.77,2.23,2.08,9.78,,,,,,
2017-WCBU,2017,Colombia,COL,,Master,Mixed,M-X,,,,,,,,,,,,1.54,1.46,2.08,2.15,1.92,9.15,,,,,,
2018-EUCF,2018,Bad Skid,GER,Heilbronn/Bad Rappenau/Massenbach,All,Open/Men,A-M,,,,,,,,,,,,1.86,2.14,2.43,1.86,2.29,10.58,,,,,,0.00
2018-EUCF,2018,Chevron Action Flash,GBR,Nuneaton,All,Open/Men,A-M,,,,,,,,,,,,2.00,2.00,1.83,2.14,2.43,10.40,,,,,,0.00
2018-EUCF,2018,Clapham,GBR,London,All,Open/Men,A-M,,,,,,,,,,,,1.83,1.67,2.50,2.50,2.33,10.83,,,,,,0.00
2018-EUCF,2018,Crazy Dog One,SUI,Stans,All,Open/Men,A-M,,,,,,,,,,,,2.00,2.00,2.43,2.57,2.43,11.43,,,,,,0.00
2018-EUCF,2018,CUSB La Fotta,ITA,Bologna,All,Open/Men,A-M,,,,,,,,,,,,1.86,1.71,2.43,2.14,2.29,10.43,,,,,,0.00
2018-EUCF,2018,CUSB Red Bulls,ITA,Bologna,All,Open/Men,A-M,,,,,,,,,,,,1.57,2.17,1.86,2.29,2.29,10.18,,,,,,0.00
2018-EUCF,2018,Flying Angels Bern,SUI,Bern,All,Open/Men,A-M,,,,,,,,,,,,2.00,2.29,2.86,2.43,2.14,11.72,,,,,,0.00
2018-EUCF,2018,Frank N,GER,Franken,All,Open/Men,A-M,,,,,,,,,,,,2.00,2.00,2.33,2.67,2.50,11.50,,,,,,0.00
2018-EUCF,2018,Freespeed,SUI,Basel,All,Open/Men,A-M,,,,,,,,,,,,2.17,2.00,2.00,2.00,1.83,10.00,,,,,,0.00
2018-EUCF,2018,FUJ,CZE,Prague,All,Open/Men,A-M,,,,,,,,,,,,2.29,2.29,2.43,2.43,2.00,11.44,,,,,,0.00
2018-EUCF,2018,FWD,AUT,Wien,All,Open/Men,A-M,,,,,,,,,,,,2.14,2.14,2.57,2.57,2.17,11.59,,,,,,0.00
2018-EUCF,2018,Heides,GER,Eppelheim,All,Open/Men,A-M,,,,,,,,,,,,2.00,2.17,2.00,2.67,2.17,11.01,,,,,,0.00
2018-EUCF,2018,Iznogood,FRA,Noisy-le-sec,All,Open/Men,A-M,,,,,,,,,,,,2.29,2.43,2.71,2.71,2.43,12.57,,,,,,0.00
2018-EUCF,2018,KFK - Copenhagen Frisbee Club,DEN,Copenhagen,All,Open/Men,A-M,,,,,,,,,,,,2.14,2.29,2.86,2.86,2.71,12.86,,,,,,0.00
2018-EUCF,2018,Mooncatchers,BEL,Brussels,All,Open/Men,A-M,,,,,,,,,,,,2.00,2.14,2.20,1.86,2.29,10.49,,,,,,0.00
2018-EUCF,2018,MUC,GER,Munchen,All,Open/Men,A-M,,,,,,,,,,,,2.00,2.14,2.43,2.29,2.29,11.15,,,,,,0.00
2018-EUCF,2018,Otso,FIN,Espoo,All,Open/Men,A-M,,,,,,,,,,,,1.83,2.00,2.17,2.33,2.17,10.50,,,,,,0.00
2018-EUCF,2018,PELT Ultimate,IRL,Limerick,All,Open/Men,A-M,,,,,,,,,,,,1.67,2.00,2.00,2.67,2.17,10.51,,,,,,0.00
2018-EUCF,2018,Rampage,RUS,Moscow,All,Open/Men,A-M,,,,,,,,,,,,2.17,2.00,2.67,2.83,2.50,12.17,,,,,,0.00
2018-EUCF,2018,Reading Ultimate,GBR,"Reading, UK",All,Open/Men,A-M,,,,,,,,,,,,2.00,2.14,2.43,2.71,2.71,11.99,,,,,,0.00
2018-EUCF,2018,RealFive,RUS,Dzerhinsk,All,Open/Men,A-M,,,,,,,,,,,,1.83,2.00,2.00,2.17,2.00,10.00,,,,,,0.00
2018-EUCF,2018,Salapils WT,LAT,,All,Open/Men,A-M,,,,,,,,,,,,2.00,1.86,1.86,1.86,2.00,9.58,,,,,,0.00
2018-EUCF,2018,Uprising,POL,Poznan,All,Open/Men,A-M,,,,,,,,,,,,1.67,2.17,2.00,2.33,2.00,10.17,,,,,,0.00
2018-EUCF,2018,Yellow Block Open,CZE,Prague,All,Open/Men,A-M,,,,,,,,,,,,1.86,2.00,2.14,2.57,2.14,10.71,,,,,,0.00
2018-EUCF,2018,3SB,CZE,Ceske Budejovice,All,Women,A-W,,,,,,,,,,,,1.86,1.86,2.00,2.29,2.14,10.15,,,,,,0.00
2018-EUCF,2018,Brilliance,RUS,Moscow,All,Women,A-W,,,,,,,,,,,,1.86,1.86,2.29,2.29,2.29,10.59,,,,,,0.00
2018-EUCF,2018,CUSB Shout,ITA,Bologna,All,Women,A-W,,,,,,,,,,,,2.14,1.86,2.29,2.29,2.00,10.58,,,,,,0.00
2018-EUCF,2018,Freespeed Ladies,SUI,Basel,All,Women,A-W,,,,,,,,,,,,2.00,1.86,2.14,1.86,1.86,9.72,,,,,,0.00
2018-EUCF,2018,Helsinki Ultimate Club,FIN,Helsinki,All,Women,A-W,,,,,,,,,,,,2.00,2.00,2.14,2.86,2.14,11.14,,,,,,0.00
2018-EUCF,2018,Iceni,GBR,London,All,Women,A-W,,,,,,,,,,,,2.00,2.00,2.86,3.14,2.29,12.29,,,,,,0.00
2018-EUCF,2018,Mainzelmadchen,GER,Mainz,All,Women,A-W,,,,,,,,,,,,1.86,2.14,2.29,2.57,2.14,11.00,,,,,,0.00
2018-EUCF,2018,Mantis,AUT,Vienna,All,Women,A-W,,,,,,,,,,,,2.00,2.14,2.57,2.71,2.57,11.99,,,,,,0.00
2018-EUCF,2018,Nice Bristols,GBR,Bristol,All,Women,A-W,,,,,,,,,,,,2.00,2.43,2.57,3.00,2.29,12.29,,,,,,0.00
2018-EUCF,2018,Seagulls,GER,Hamburg,All,Women,A-W,,,,,,,,,,,,2.00,2.00,2.29,2.43,2.14,10.86,,,,,,0.00
2018-EUCF,2018,Southwest,RUS,Moscow,All,Women,A-W,,,,,,,,,,,,1.71,1.67,1.71,2.00,2.00,9.09,,,,,,0.00
2018-EUCF,2018,Troubles,POL,Warsaw,All,Women,A-W,,,,,,,,,,,,2.00,2.00,2.14,2.29,2.00,10.43,,,,,,0.00
2018-EUCF,2018,Colorado,GER,Karlsruhe,All,Mixed,A-X,,,,,,,,,,,,2.00,2.14,2.14,2.29,2.43,11.00,,,,,,0.00
2018-EUCF,2018,Die 7 Todsunden,GER,Paderborn,All,Mixed,A-X,,,,,,,,,,,,1.86,2.14,2.00,2.29,2.14,10.43,,,,,,0.00
2018-EUCF,2018,Disc'over Lisboa,POR,Lisbon,All,Mixed,A-X,,,,,,,,,,,,1.86,2.00,2.43,2.43,2.43,11.15,,,,,,0.00
2018-EUCF,2018,Glasgow Ultimate,GBR,Glasgow - Scotland,All,Mixed,A-X,,,,,,,,,,,,1.86,1.57,1.43,2.43,2.29,9.58,,,,,,0.00
2018-EUCF,2018,Hassliche Erdferkel,GER,Marburg,All,Mixed,A-X,,,,,,,,,,,,2.00,2.00,2.29,2.29,2.29,10.87,,,,,,0.00
2018-EUCF,2018,KS AZS AWF FLOW WROCLAW,POL,Wroclaw,All,Mixed,A-X,,,,,,,,,,,,1.57,1.86,2.14,1.86,2.29,9.72,,,,,,0.00
2018-EUCF,2018,Left Overs,CZE,Brno,All,Mixed,A-X,,,,,,,,,,,,2.00,2.00,2.29,2.57,2.43,11.29,,,,,,0.00
2018-EUCF,2018,Maultaschen,GER,Tubingen,All,Mixed,A-X,,,,,,,,,,,,2.00,2.43,2.43,2.71,2.43,12.00,,,,,,0.00
2018-EUCF,2018,Rebel Ultimate,IRL,,All,Mixed,A-X,,,,,,,,,,,,2.00,2.00,2.29,2.86,2.71,11.86,,,,,,0.00
2018-EUCF,2018,SeE6,SWE,,All,Mixed,A-X,,,,,,,,,,,,1.86,1.71,2.00,2.14,2.14,9.85,,,,,,0.00
2018-EUCF,2018,Sirocco,LAT,Riga,All,Mixed,A-X,,,,,,,,,,,,1.71,1.71,2.29,1.71,2.00,9.42,,,,,,0.00
2018-EUCF,2018,Wizards Mixed,SUI,Geneva,All,Mixed,A-X,,,,,,,,,,,,2.14,2.00,2.14,2.43,2.29,11.00,,,,,,0.00
2018-WJUC,2018,New Zealand,NZL,,U20,Open/Men,#N/A,,,,,,,,,,,,2.18,2.18,2.73,2.91,2.64,12.64,,,,,,
2018-WJUC,2018,Japan,JPN,,U20,Open/Men,#N/A,,,,,,,,,,,,2.10,2.30,2.50,3.10,2.50,12.50,,,,,,
2018-WJUC,2018,Mexico,MEX,,U20,Open/Men,#N/A,,,,,,,,,,,,1.90,2.00,2.60,2.90,2.70,12.10,,,,,,
2018-WJUC,2018,Colombia,COL,,U20,Open/Men,#N/A,,,,,,,,,,,,1.90,2.10,2.60,2.80,2.50,11.90,,,,,,
2018-WJUC,2018,Australia,AUS,,U20,Open/Men,#N/A,,,,,,,,,,,,2.10,1.70,2.60,2.60,2.40,11.40,,,,,,
2018-WJUC,2018,Canada,CAN,,U20,Open/Men,#N/A,,,,,,,,,,,,2.09,1.91,2.64,2.18,2.27,11.09,,,,,,
2018-WJUC,2018,China,CHN,,U20,Open/Men,#N/A,,,,,,,,,,,,1.56,2.22,2.44,2.56,2.22,11.00,,,,,,
2018-WJUC,2018,Finland,FIN,,U20,Open/Men,#N/A,,,,,,,,,,,,2.10,2.10,2.30,2.20,2.30,11.00,,,,,,
2018-WJUC,2018,USA,USA,,U20,Open/Men,#N/A,,,,,,,,,,,,2.00,1.55,2.45,2.45,2.27,10.72,,,,,,
2018-WJUC,2018,Dominican Republic,DOM,,U20,Open/Men,#N/A,,,,,,,,,,,,1.33,2.11,2.11,2.78,2.22,10.55,,,,,,
2018-WJUC,2018,Netherlands,NED,,U20,Open/Men,#N/A,,,,,,,,,,,,2.00,2.10,2.10,2.10,2.20,10.50,,,,,,
2018-WJUC,2018,Germany,GER,,U20,Open/Men,#N/A,,,,,,,,,,,,1.80,1.60,2.30,2.10,2.30,10.10,,,,,,
2018-WJUC,2018,Belgium,BEL,,U20,Open/Men,#N/A,,,,,,,,,,,,2.09,1.82,2.09,1.91,2.18,10.09,,,,,,
2018-WJUC,2018,Hong Kong,HKG,,U20,Open/Men,#N/A,,,,,,,,,,,,1.50,1.60,2.20,2.50,2.20,10.00,,,,,,
2018-WJUC,2018,Italy,ITA,,U20,Open/Men,#N/A,,,,,,,,,,,,2.00,1.82,2.36,1.64,2.09,9.91,,,,,,
2018-WJUC,2018,Sweden,SWE,,U20,Open/Men,#N/A,,,,,,,,,,,,1.91,1.64,2.27,1.82,2.09,9.73,,,,,,
2018-WJUC,2018,France,FRA,,U20,Open/Men,#N/A,,,,,,,,,,,,1.55,1.82,2.00,2.09,2.00,9.46,,,,,,
2018-WJUC,2018,Great Britain,GBR,,U20,Open/Men,#N/A,,,,,,,,,,,,1.64,1.55,1.91,2.09,2.00,9.19,,,,,,
2018-WJUC,2018,New Zealand,NZL,,U20,Women,#N/A,,,,,,,,,,,,2.00,2.00,2.56,2.78,2.33,11.67,,,,,,
2018-WJUC,2018,Germany,GER,,U20,Women,#N/A,,,,,,,,,,,,2.10,2.00,2.30,2.40,2.40,11.20,,,,,,
2018-WJUC,2018,Australia,AUS,,U20,Women,#N/A,,,,,,,,,,,,1.89,1.89,2.33,2.67,2.22,11.00,,,,,,
2018-WJUC,2018,Italy,ITA,,U20,Women,#N/A,,,,,,,,,,,,1.89,1.89,2.33,2.22,2.33,10.66,,,,,,
2018-WJUC,2018,Colombia,COL,,U20,Women,#N/A,,,,,,,,,,,,1.80,2.00,2.20,2.50,2.10,10.60,,,,,,
2018-WJUC,2018,China,CHN,,U20,Women,#N/A,,,,,,,,,,,,1.89,1.78,2.22,2.56,2.00,10.45,,,,,,
2018-WJUC,2018,United States,USA,,U20,Women,#N/A,,,,,,,,,,,,1.91,1.82,2.18,2.27,2.09,10.27,,,,,,
2018-WJUC,2018,Mexico,MEX,,U20,Women,#N/A,,,,,,,,,,,,1.67,1.78,2.22,2.67,1.89,10.23,,,,,,
2018-WJUC,2018,Japan,JPN,,U20,Women,#N/A,,,,,,,,,,,,1.70,1.50,2.10,2.50,2.20,10.00,,,,,,
2018-WJUC,2018,Canada,CAN,,U20,Women,#N/A,,,,,,,,,,,,2.00,1.70,1.90,2.10,2.10,9.80,,,,,,
2018-WJUC,2018,Netherlands,NED,,U20,Women,#N/A,,,,,,,,,,,,1.90,1.90,1.90,2.00,2.10,9.80,,,,,,
2018-WJUC,2018,Great Britain,GBR,,U20,Women,#N/A,,,,,,,,,,,,1.78,1.67,1.89,2.33,2.00,9.67,,,,,,
2018-WJUC,2018,France,FRA,,U20,Women,#N/A,,,,,,,,,,,,1.44,1.56,1.89,2.00,2.22,9.11,,,,,,
2018-WMUCC,2018,Beers,JPN,,Grand Master,Open/Men,GM-M,,,10,,,,,,,,,2.10,2.50,3.00,3.80,2.70,14.10,,,,,,
2018-WMUCC,2018,TRex,CAN,,Grand Master,Open/Men,GM-M,,,10,,,,,,,,,2.20,2.40,3.00,3.10,2.60,13.30,,,,,,
2018-WMUCC,2018,UP-Korea,KOR,,Grand Master,Open/Men,GM-M,,,9,,,,,,,,,2.00,2.44,2.67,2.89,2.67,12.67,,,,,,
2018-WMUCC,2018,Reckon,USA,,Grand Master,Open/Men,GM-M,,,9,,,,,,,,,2.22,2.33,2.78,2.89,2.44,12.66,,,,,,
2018-WMUCC,2018,Big Bombers,JPN,,Grand Master,Open/Men,GM-M,,,9,,,,,,,,,2.11,2.44,2.56,3.00,2.44,12.55,,,,,,
2018-WMUCC,2018,Grave Britain,GBR,,Grand Master,Open/Men,GM-M,,,8,,,,,,,,,2.25,2.25,2.63,2.63,2.75,12.51,,,,,,
2018-WMUCC,2018,Shadows,USA,,Grand Master,Open/Men,GM-M,,,10,,,,,,,,,2.40,2.30,2.50,2.70,2.50,12.40,,,,,,
2018-WMUCC,2018,Get Off My Lawn,CAN,,Grand Master,Open/Men,GM-M,,,9,,,,,,,,,2.11,2.44,2.56,2.78,2.33,12.22,,,,,,
2018-WMUCC,2018,KalaKala,USA,,Grand Master,Open/Men,GM-M,,,9,,,,,,,,,2.33,2.11,2.78,2.44,2.22,11.88,,,,,,
2018-WMUCC,2018,GM of the Universe,CAN,,Grand Master,Open/Men,GM-M,,,10,,,,,,,,,2.10,2.20,2.10,2.80,2.10,11.30,,,,,,
2018-WMUCC,2018,Tombstone,CAN,,Grand Master,Open/Men,GM-M,,,10,,,,,,,,,2.20,2.00,2.30,2.30,2.40,11.20,,,,,,
2018-WMUCC,2018,Shutdown,USA,,Grand Master,Open/Men,GM-M,,,9,,,,,,,,,1.89,2.11,2.33,2.44,2.22,10.99,,,,,,
2018-WMUCC,2018,Figjam,CAN,,Grand Master,Open/Men,GM-M,,,9,,,,,,,,,1.78,2.11,2.33,2.22,2.33,10.77,,,,,,
2018-WMUCC,2018,Surly GM,USA,,Grand Master,Open/Men,GM-M,,,9,,,,,,,,,1.89,2.00,2.11,2.44,2.22,10.66,,,,,,
2018-WMUCC,2018,Johnny Walker,USA,,Grand Master,Open/Men,GM-M,,,10,,,,,,,,,1.90,1.90,1.90,2.30,2.20,10.20,,,,,,
2018-WMUCC,2018,Men’s Masters Colombia,COL,,Master,Open/Men,M-M,,,8,,,,,,,,,2.13,2.25,2.75,3.38,3.13,13.64,,,,,,0.00
2018-WMUCC,2018,OUCH,SGP,,Master,Open/Men,M-M,,,9,,,,,,,,,2.11,2.33,2.89,3.33,2.33,12.99,,,,,,0.00
2018-WMUCC,2018,Raging Bananas,FRA,,Master,Open/Men,M-M,,,8,,,,,,,,,2.13,2.50,2.75,3.00,2.38,12.76,,,,,,0.00
2018-WMUCC,2018,Crawl,USA,,Master,Open/Men,M-M,,,8,,,,,,,,,2.00,2.38,2.63,3.00,2.75,12.76,,,,,,0.00
2018-WMUCC,2018,Wolpertinger,GER,,Master,Open/Men,M-M,,,8,,,,,,,,,2.00,2.25,2.50,2.88,2.50,12.13,,,,,,0.00
2018-WMUCC,2018,Rest Stop,USA,,Master,Open/Men,M-M,,,8,,,,,,,,,2.25,2.25,2.50,2.50,2.38,11.88,,,,,,0.00
2018-WMUCC,2018,Carbon,CAN,,Master,Open/Men,M-M,,,8,,,,,,,,,2.13,2.13,2.75,2.63,2.25,11.89,,,,,,0.00
2018-WMUCC,2018,Osaka Kings,JPN,,Master,Open/Men,M-M,,,9,,,,,,,,,1.78,2.44,2.56,2.44,2.56,11.78,,,,,,0.00
2018-WMUCC,2018,DUFF Stout,AUS,,Master,Open/Men,M-M,,,9,,,,,,,,,2.00,2.44,2.33,2.67,2.33,11.77,,,,,,0.00
2018-WMUCC,2018,Boneyard,USA,,Master,Open/Men,M-M,,,8,,,,,,,,,2.13,2.25,2.50,2.38,2.50,11.76,,,,,,0.00
2018-WMUCC,2018,Men’s Masters Mexico,MEX,,Master,Open/Men,M-M,,,8,,,,,,,,,1.75,2.38,2.63,2.75,2.00,11.51,,,,,,
2018-WMUCC,2018,Johnny Encore,USA,,Master,Open/Men,M-M,,,8,,,,,,,,,1.75,2.00,2.38,2.75,2.63,11.51,,,,,,
2018-WMUCC,2018,All Bashed Out,USA,,Master,Open/Men,M-M,,,9,,,,,,,,,1.89,2.33,2.44,2.67,2.11,11.44,,,,,,
2018-WMUCC,2018,Surly,USA,,Master,Open/Men,M-M,,,8,,,,,,,,,2.25,2.13,2.38,2.25,2.25,11.26,,,,,,
2018-WMUCC,2018,SUN,FRA,,Master,Open/Men,M-M,,,8,,,,,,,,,1.88,2.25,2.38,2.25,2.25,11.01,,,,,,
2018-WMUCC,2018,NSOM,CAN,,Master,Open/Men,M-M,,,8,,,,,,,,,2.00,1.75,2.50,2.38,2.38,11.01,,,,,,
2018-WMUCC,2018,Iron Crow,CAN,,Master,Open/Men,M-M,,,9,,,,,,,,,1.89,1.89,2.11,2.00,2.33,10.22,,,,,,
2018-WMUCC,2018,Queen City Kings,CAN,,Master,Open/Men,M-M,,,8,,,,,,,,,2.00,1.63,2.25,2.13,2.13,10.14,,,,,,
2018-WMUCC,2018,Quantum,CAN,,Master,Open/Men,M-M,,,8,,,,,,,,,1.88,1.75,2.25,2.25,2.00,10.13,,,,,,
2018-WMUCC,2018,Best Before,CAN,,Master,Open/Men,M-M,,,9,,,,,,,,,1.78,1.67,2.00,2.11,2.22,9.78,,,,,,
2018-WMUCC,2018,Torque,CAN,,Master,Open/Men,M-M,,,8,,,,,,,,,2.00,1.63,2.00,2.13,1.88,9.64,,,,,,
2018-WMUCC,2018,Mu-Syozoku,JPN,,Master,Women,M-W,,,10,,,,,,,,,2.40,2.60,2.70,3.20,2.30,13.20,,,,,,0.00
2018-WMUCC,2018,iRot,USA,,Master,Women,M-W,,,9,,,,,,,,,2.22,2.22,2.33,2.78,2.44,11.99,,,,,,0.00
2018-WMUCC,2018,Samsui,SGP,,Master,Women,M-W,,,8,,,,,,,,,2.25,2.00,2.25,2.75,2.25,11.50,,,,,,0.00
2018-WMUCC,2018,Silver Foxes,NZL,,Master,Women,M-W,,,9,,,,,,,,,2.11,1.89,2.44,2.78,2.22,11.44,,,,,,0.00
2018-WMUCC,2018,Thrift Shop,CAN,,Master,Women,M-W,,,10,,,,,,,,,2.00,1.90,2.20,2.50,2.20,10.80,,,,,,0.00
2018-WMUCC,2018,Eclipse,CAN,,Master,Women,M-W,,,10,,,,,,,,,1.70,2.00,1.90,2.50,2.40,10.50,,,,,,0.00
2018-WMUCC,2018,Vintage,CAN,,Master,Women,M-W,,,9,,,,,,,,,2.11,1.78,2.11,2.11,2.22,10.33,,,,,,0.00
2018-WMUCC,2018,Mint,CAN,,Master,Women,M-W,,,9,,,,,,,,,1.78,1.89,2.00,2.33,2.11,10.11,,,,,,0.00
2018-WMUCC,2018,Surly COUGARS,USA,,Master,Women,M-W,,,10,,,,,,,,,2.00,1.80,2.00,2.30,1.80,9.90,,,,,,0.00
2018-WMUCC,2018,Molly Grey,USA,,Master,Women,M-W,,,10,,,,,,,,,1.70,1.70,2.10,2.30,1.70,9.50,,,,,,0.00
2018-WMUCC,2018,lowercase,CAN,,Master,Women,M-W,,,10,,,,,,,,,1.90,1.70,1.90,2.00,2.00,9.50,,,,,,0.00
2018-WMUCC,2018,Dyna,CAN,,Master,Women,M-W,,,9,,,,,,,,,2.00,1.67,2.00,2.22,1.56,9.45,,,,,,0.00
2018-WMUCC,2018,Loose Cannon,USA,,Master,Women,M-W,,,9,,,,,,,,,1.44,1.89,1.89,2.11,1.78,9.11,,,,,,0.00
2018-WMUCC,2018,Ripe,USA,,Master,Women,M-W,,,9,,,,,,,,,1.78,1.56,1.67,2.00,1.89,8.90,,,,,,0.00
2018-WMUCC,2018,Quasar,CAN,,Master,Women,M-W,,,9,,,,,,,,,1.78,1.33,1.56,1.89,1.89,8.45,,,,,,0.00
2018-WMUCC,2018,Wasabi,JPN,,Master,Mixed,M-X,,,8,,,,,,,,,2.50,2.63,2.75,3.25,2.88,14.01,,,,,,0.00
2018-WMUCC,2018,Grey BH,GBR,,Master,Mixed,M-X,,,8,,,,,,,,,2.38,2.38,3.00,2.75,2.00,12.51,,,,,,0.00
2018-WMUCC,2018,Medellin,COL,,Master,Mixed,M-X,,,8,,,,,,,,,1.88,2.13,2.38,3.00,2.38,11.77,,,,,,0.00
2018-WMUCC,2018,Spectrum,CAN,,Master,Mixed,M-X,,,8,,,,,,,,,1.88,2.00,2.50,2.88,2.25,11.51,,,,,,0.00
2018-WMUCC,2018,Mastadon,CAN,,Master,Mixed,M-X,,,8,,,,,,,,,2.00,1.88,2.38,2.63,2.38,11.27,,,,,,0.00
2018-WMUCC,2018,Masala Magic,IND,,Master,Mixed,M-X,,,9,,,,,,,,,2.22,2.00,2.11,2.56,2.22,11.11,,,,,,0.00
2018-WMUCC,2018,Uknighted,GBR,,Master,Mixed,M-X,,,8,,,,,,,,,2.25,1.75,2.25,2.50,2.25,11.00,,,,,,0.00
2018-WMUCC,2018,Hey Babe,USA,,Master,Mixed,M-X,,,9,,,,,,,,,1.78,2.11,2.44,2.56,2.00,10.89,,,,,,0.00
2018-WMUCC,2018,Fine Wine,AUS,,Master,Mixed,M-X,,,8,,,,,,,,,1.88,1.88,2.50,2.63,2.00,10.89,,,,,,0.00
2018-WMUCC,2018,Penguin Village,CAN,,Master,Mixed,M-X,,,9,,,,,,,,,2.00,1.78,2.33,2.33,2.33,10.77,,,,,,0.00
2018-WMUCC,2018,Members Only,USA,,Master,Mixed,M-X,,,8,,,,,,,,,1.88,2.00,2.13,2.50,2.25,10.76,,,,,,0.00
2018-WMUCC,2018,Aoteaora Eh,NZL,,Master,Mixed,M-X,,,8,,,,,,,,,1.75,1.88,2.00,2.88,2.25,10.76,,,,,,0.00
2018-WMUCC,2018,2600,COL,,Master,Mixed,M-X,,,9,,,,,,,,,1.89,2.00,2.33,2.33,2.11,10.66,,,,,,0.00
2018-WMUCC,2018,UFO,KOR,,Master,Mixed,M-X,,,9,,,,,,,,,2.00,1.67,2.22,2.56,2.11,10.56,,,,,,0.00
2018-WMUCC,2018,UPAARP,CAN,,Master,Mixed,M-X,,,8,,,,,,,,,1.88,1.75,2.25,2.50,1.88,10.26,,,,,,0.00
2018-WMUCC,2018,Bingo & Chill,USA,,Master,Mixed,M-X,,,8,,,,,,,,,1.88,2.00,2.25,2.25,1.88,10.26,,,,,,0.00
2018-WMUCC,2018,San Francisco Bridge Club,USA,,Master,Mixed,M-X,,,9,,,,,,,,,1.78,1.89,2.11,2.44,2.00,10.22,,,,,,0.00
2018-WMUCC,2018,Woodies,CAN,,Master,Mixed,M-X,,,8,,,,,,,,,2.13,1.50,2.00,2.25,2.25,10.13,,,,,,0.00
2018-WMUCC,2018,Molasses Disaster,USA,,Master,Mixed,M-X,,,8,,,,,,,,,2.00,1.63,2.13,2.38,2.00,10.14,,,,,,0.00
2018-WMUCC,2018,Banana Cream Pie,GER,,Master,Mixed,M-X,,,8,,,,,,,,,1.75,1.75,2.50,2.25,1.88,10.13,,,,,,0.00
2018-WMUCC,2018,512,USA,,Master,Mixed,M-X,,,8,,,,,,,,,2.00,1.88,2.00,2.13,1.88,9.89,,,,,,0.00
2018-WU24UC,2018,New Zealand,NZL,,U24/U23,Open/Men,U24-M,,,,,,,,,,,,2.11,2.44,2.67,3.00,2.78,13.00,,,,,,
2018-WU24UC,2018,China,CHN,,U24/U23,Open/Men,U24-M,,,,,,,,,,,,1.89,2.44,2.33,2.78,2.11,11.55,,,,,,
2018-WU24UC,2018,Ireland,IRL,,U24/U23,Open/Men,U24-M,,,,,,,,,,,,2.30,2.00,2.40,2.40,2.40,11.50,,,,,,
2018-WU24UC,2018,Chinese Taipei,TPE,,U24/U23,Open/Men,U24-M,,,,,,,,,,,,1.67,2.22,2.67,2.67,2.11,11.34,,,,,,
2018-WU24UC,2018,Philippines,PHI,,U24/U23,Open/Men,U24-M,,,,,,,,,,,,1.80,2.50,2.40,2.40,2.10,11.20,,,,,,
2018-WU24UC,2018,Colombia,COL,,U24/U23,Open/Men,U24-M,,,,,,,,,,,,1.80,2.10,2.50,2.50,2.20,11.10,,,,,,
2018-WU24UC,2018,Australia,AUS,,U24/U23,Open/Men,U24-M,,,,,,,,,,,,2.00,1.89,2.44,2.22,2.33,10.88,,,,,,
2018-WU24UC,2018,United States,USA,,U24/U23,Open/Men,U24-M,,,,,,,,,,,,1.89,2.11,2.00,2.11,2.33,10.44,,,,,,
2018-WU24UC,2018,Canada,CAN,,U24/U23,Open/Men,U24-M,,,,,,,,,,,,2.10,1.80,2.20,2.00,2.20,10.30,,,,,,
2018-WU24UC,2018,Great Britain,GBR,,U24/U23,Open/Men,U24-M,,,,,,,,,,,,1.90,1.70,2.20,2.10,2.40,10.30,,,,,,
2018-WU24UC,2018,Singapore,SGP,,U24/U23,Open/Men,U24-M,,,,,,,,,,,,1.70,2.10,2.10,2.40,2.00,10.30,,,,,,
2018-WU24UC,2018,Switzerland,SUI,,U24/U23,Open/Men,U24-M,,,,,,,,,,,,1.90,2.00,1.80,2.00,2.30,10.00,,,,,,
2018-WU24UC,2018,Germany,GER,,U24/U23,Open/Men,U24-M,,,,,,,,,,,,1.78,1.89,1.67,2.22,2.22,9.78,,,,,,
2018-WU24UC,2018,Italy,ITA,,U24/U23,Open/Men,U24-M,,,,,,,,,,,,1.80,1.50,2.10,1.90,1.90,9.20,,,,,,
2018-WU24UC,2018,Japan,JPN,,U24/U23,Open/Men,U24-M,,,,,,,,,,,,1.67,1.56,1.78,2.33,1.67,9.01,,,,,,
2018-WU24UC,2018,New Zealand,NZL,,U24/U23,Women,U24-W,,,,,,,,,,,,2.00,2.30,2.40,2.60,2.10,11.40,,,,,,
2018-WU24UC,2018,Singapore,SGP,,U24/U23,Women,U24-W,,,,,,,,,,,,1.70,1.90,2.40,2.80,2.30,11.10,,,,,,
2018-WU24UC,2018,Austria,AUT,,U24/U23,Women,U24-W,,,,,,,,,,,,2.00,1.90,2.30,2.40,2.20,10.80,,,,,,
2018-WU24UC,2018,Great Britain,GBR,,U24/U23,Women,U24-W,,,,,,,,,,,,2.00,2.00,2.40,2.20,2.20,10.80,,,,,,
2018-WU24UC,2018,Australia,AUS,,U24/U23,Women,U24-W,,,,,,,,,,,,2.00,2.08,2.08,2.42,2.00,10.58,,,,,,
2018-WU24UC,2018,Philippines,PHI,,U24/U23,Women,U24-W,,,,,,,,,,,,1.60,1.90,2.10,2.60,2.10,10.30,,,,,,
2018-WU24UC,2018,Colombia,COL,,U24/U23,Women,U24-W,,,,,,,,,,,,1.58,1.92,1.92,2.50,2.00,9.92,,,,,,
2018-WU24UC,2018,Canada,CAN,,U24/U23,Women,U24-W,,,,,,,,,,,,1.92,1.58,2.00,2.33,1.92,9.75,,,,,,
2018-WU24UC,2018,United States,USA,,U24/U23,Women,U24-W,,,,,,,,,,,,1.75,1.83,2.00,2.17,2.00,9.75,,,,,,
2018-WU24UC,2018,Germany,GER,,U24/U23,Women,U24-W,,,,,,,,,,,,1.90,1.80,1.70,2.00,1.80,9.20,,,,,,
2018-WU24UC,2018,Japan,JPN,,U24/U23,Women,U24-W,,,,,,,,,,,,1.70,1.60,1.50,2.10,1.90,8.80,,,,,,
2018-WU24UC,2018,New Zealand,NZL,,U24/U23,Mixed,U24-X,,,,,,,,,,,,2.11,2.22,2.44,3.00,2.56,12.33,,,,,,
2018-WU24UC,2018,Denmark,DEN,,U24/U23,Mixed,U24-X,,,,,,,,,,,,2.11,2.11,2.56,2.44,2.33,11.55,,,,,,
2018-WU24UC,2018,United States,USA,,U24/U23,Mixed,U24-X,,,,,,,,,,,,2.00,2.00,2.11,2.67,2.56,11.34,,,,,,
2018-WU24UC,2018,Great Britain,GBR,,U24/U23,Mixed,U24-X,,,,,,,,,,,,2.11,2.00,2.22,2.22,2.33,10.88,,,,,,
2018-WU24UC,2018,China,CHN,,U24/U23,Mixed,U24-X,,,,,,,,,,,,1.56,2.22,2.22,2.44,2.22,10.66,,,,,,
2018-WU24UC,2018,Australia,AUS,,U24/U23,Mixed,U24-X,,,,,,,,,,,,1.89,1.78,2.22,2.44,2.22,10.55,,,,,,
2018-WU24UC,2018,Colombia,COL,,U24/U23,Mixed,U24-X,,,,,,,,,,,,1.56,1.89,2.11,2.56,2.22,10.34,,,,,,
2018-WU24UC,2018,Japan,JPN,,U24/U23,Mixed,U24-X,,,,,,,,,,,,1.78,1.89,2.00,2.33,2.33,10.33,,,,,,
2018-WU24UC,2018,Germany,GER,,U24/U23,Mixed,U24-X,,,,,,,,,,,,2.11,1.89,2.00,2.22,1.89,10.11,,,,,,
2018-WU24UC,2018,Singapore,SGP,,U24/U23,Mixed,U24-X,,,,,,,,,,,,1.56,1.78,2.22,2.33,2.22,10.11,,,,,,
2018-WU24UC,2018,India,IND,,U24/U23,Mixed,U24-X,,,,,,,,,,,,1.44,2.11,1.89,2.33,2.22,9.99,,,,,,
2018-WU24UC,2018,Hong Kong,HKG,,U24/U23,Mixed,U24-X,,,,,,,,,,,,1.78,1.56,2.11,2.33,2.11,9.89,,,,,,
2018-WU24UC,2018,Canada,CAN,,U24/U23,Mixed,U24-X,,,,,,,,,,,,1.89,1.56,1.89,2.11,2.22,9.67,,,,,,
2018-WU24UC,2018,Malaysia,MAS,,U24/U23,Mixed,U24-X,,,,,,,,,,,,2.00,1.56,1.78,2.22,2.00,9.56,,,,,,
2018-WUCC,2018,Long Donkeys,RSA,,All,Open/Men,A-M,,,,,,,,,,,,2.10,2.20,2.80,3.40,2.90,13.40,,,,,,
2018-WUCC,2018,Ranelagh,IRL,,All,Open/Men,A-M,,,,,,,,,,,,2.11,2.11,2.78,2.78,2.44,12.22,,,,,,
2018-WUCC,2018,Wildcats,NZL,,All,Open/Men,A-M,,,,,,,,,,,,2.00,2.30,2.30,2.70,2.50,11.80,,,,,,
2018-WUCC,2018,Colony,AUS,,All,Open/Men,A-M,,,,,,,,,,,,2.30,2.20,2.40,2.60,2.20,11.70,,,,,,
2018-WUCC,2018,Fenix Ultimate,MEX,,All,Open/Men,A-M,,,,,,,,,,,,2.00,2.00,2.50,2.80,2.30,11.60,,,,,,
2018-WUCC,2018,Revolver,USA,,All,Open/Men,A-M,,,,,,,,,,,,2.10,2.20,2.70,2.40,2.20,11.60,,,,,,
2018-WUCC,2018,Heat Haze,JPN,,All,Open/Men,A-M,,,,,,,,,,,,2.11,2.11,2.56,2.56,2.22,11.56,,,,,,
2018-WUCC,2018,Cracker Jacks,SGP,,All,Open/Men,A-M,,,,,,,,,,,,2.00,1.89,2.44,2.78,2.44,11.55,,,,,,
2018-WUCC,2018,Daione Kumay,TPE,,All,Open/Men,A-M,,,,,,,,,,,,2.00,2.30,2.60,2.60,2.00,11.50,,,,,,
2018-WUCC,2018,The big EZ,AUT,,All,Open/Men,A-M,,,,,,,,,,,,2.10,2.20,2.30,2.40,2.40,11.40,,,,,,
2018-WUCC,2018,Devon,GBR,,All,Open/Men,A-M,,,,,,,,,,,,2.00,1.78,2.56,2.22,2.67,11.23,,,,,,
2018-WUCC,2018,Juggernaut,AUS,,All,Open/Men,A-M,,,,,,,,,,,,1.89,2.00,2.44,2.33,2.56,11.22,,,,,,
2018-WUCC,2018,FWD>>,AUT,,All,Open/Men,A-M,,,,,,,,,,,,2.00,2.33,2.00,2.56,2.33,11.22,,,,,,
2018-WUCC,2018,TCHAC,FRA,,All,Open/Men,A-M,,,,,,,,,,,,1.80,1.90,2.40,2.70,2.40,11.20,,,,,,
2018-WUCC,2018,Relampagos,DOM,,All,Open/Men,A-M,,,,,,,,,,,,2.00,2.11,2.44,2.44,2.11,11.10,,,,,,
2018-WUCC,2018,Flying Angels Bern,SUI,,All,Open/Men,A-M,,,,,,,,,,,,1.89,1.89,2.44,2.56,2.22,11.00,,,,,,
2018-WUCC,2018,Shanghai Chuchai,CHN,,All,Open/Men,A-M,,,,,,,,,,,,1.89,1.78,2.33,2.67,2.33,11.00,,,,,,
2018-WUCC,2018,PELT Ultimate,IRL,,All,Open/Men,A-M,,,,,,,,,,,,1.90,2.10,2.30,2.40,2.20,10.90,,,,,,
2018-WUCC,2018,KFUM Orebro Frisbee,SWE,,All,Open/Men,A-M,,,,,,,,,,,,2.00,2.00,2.20,2.30,2.30,10.80,,,,,,
2018-WUCC,2018,Freespeed,SUI,,All,Open/Men,A-M,,,,,,,,,,,,1.90,2.10,2.20,2.20,2.40,10.80,,,,,,
2018-WUCC,2018,Ring of Fire,USA,,All,Open/Men,A-M,,,,,,,,,,,,2.00,1.78,2.44,2.33,2.22,10.77,,,,,,
2018-WUCC,2018,Hot Chilly,AUS,,All,Open/Men,A-M,,,,,,,,,,,,1.89,2.00,2.11,2.22,2.44,10.66,,,,,,
2018-WUCC,2018,Goat,CAN,,All,Open/Men,A-M,,,,,,,,,,,,2.00,1.78,2.00,2.33,2.44,10.55,,,,,,
2018-WUCC,2018,Doublewide,USA,,All,Open/Men,A-M,,,,,,,,,,,,2.11,1.89,2.11,2.22,2.22,10.55,,,,,,
2018-WUCC,2018,Moon catchers,BEL,,All,Open/Men,A-M,,,,,,,,,,,,2.00,1.78,2.00,2.56,2.11,10.45,,,,,,
2018-WUCC,2018,Iznogood,FRA,,All,Open/Men,A-M,,,,,,,,,,,,2.00,1.90,2.00,2.10,2.40,10.40,,,,,,
2018-WUCC,2018,Ragnarok,DEN,,All,Open/Men,A-M,,,,,,,,,,,,1.78,2.00,2.33,1.89,2.33,10.33,,,,,,
2018-WUCC,2018,Comunidad El Oso,COL,,All,Open/Men,A-M,,,,,,,,,,,,1.70,1.80,2.10,2.50,2.20,10.30,,,,,,
2018-WUCC,2018,Freezzz Beezzz,BEL,,All,Open/Men,A-M,,,,,,,,,,,,2.00,2.33,2.11,1.78,2.00,10.22,,,,,,
2018-WUCC,2018,Clapham Ultimate,GBR,,All,Open/Men,A-M,,,,,,,,,,,,1.90,2.00,2.40,1.90,2.00,10.20,,,,,,
2018-WUCC,2018,OTSO,FIN,,All,Open/Men,A-M,,,,,,,,,,,,2.13,1.63,2.13,2.00,2.13,10.02,,,,,,
2018-WUCC,2018,General Strike,CAN,,All,Open/Men,A-M,,,,,,,,,,,,1.89,2.00,2.11,1.78,2.22,10.00,,,,,,
2018-WUCC,2018,Sokol,RUS,,All,Open/Men,A-M,,,,,,,,,,,,1.80,2.00,1.90,2.20,2.10,10.00,,,,,,
2018-WUCC,2018,Nomadic Tribe,JPN,,All,Open/Men,A-M,,,,,,,,,,,,1.50,1.80,2.00,2.60,2.10,10.00,,,,,,
2018-WUCC,2018,CUSB,ITA,,All,Open/Men,A-M,,,,,,,,,,,,1.78,1.56,2.00,2.11,2.33,9.78,,,,,,
2018-WUCC,2018,Warao Ultimate,VEN,,All,Open/Men,A-M,,,,,,,,,,,,1.78,1.67,2.22,2.00,2.00,9.67,,,,,,
2018-WUCC,2018,Bad Skid,GER,,All,Open/Men,A-M,,,,,,,,,,,,1.78,1.67,2.00,2.22,1.89,9.56,,,,,,
2018-WUCC,2018,Euforia,COL,,All,Open/Men,A-M,,,,,,,,,,,,1.70,1.80,1.70,2.10,2.20,9.50,,,,,,
2018-WUCC,2018,Chevron Action Flash,GBR,,All,Open/Men,A-M,,,,,,,,,,,,1.67,1.78,2.00,2.00,1.78,9.23,,,,,,
2018-WUCC,2018,Family Ultimate,GBR,,All,Open/Men,A-M,,,,,,,,,,,,1.78,1.56,1.67,1.78,1.89,8.68,,,,,,
2018-WUCC,2018,Chch Chicks,NZL,,All,Women,A-W,,,,,,,,,,,,2.10,2.00,2.60,3.20,2.30,12.20,,,,,,
2018-WUCC,2018,Kaos,AUS,,All,Women,A-W,,,,,,,,,,,,2.00,2.22,2.56,3.00,2.33,12.11,,,,,,
2018-WUCC,2018,Rampage,SGP,,All,Women,A-W,,,,,,,,,,,,2.00,2.20,2.40,2.90,2.50,12.00,,,,,,
2018-WUCC,2018,Mainzelmadchen,GER,,All,Women,A-W,,,,,,,,,,,,2.00,2.22,2.44,2.67,2.33,11.66,,,,,,
2018-WUCC,2018,Mantis,AUT,,All,Women,A-W,,,,,,,,,,,,2.00,2.00,2.44,2.56,2.33,11.33,,,,,,
2018-WUCC,2018,6ixers,CAN,,All,Women,A-W,,,,,,,,,,,,1.89,2.33,2.22,2.67,2.22,11.33,,,,,,
2018-WUCC,2018,Revolution,COL,,All,Women,A-W,,,,,,,,,,,,1.90,1.90,2.40,2.80,2.30,11.30,,,,,,
2018-WUCC,2018,Nice Bristols,GBR,,All,Women,A-W,,,,,,,,,,,,2.11,2.00,2.44,2.56,2.11,11.22,,,,,,
2018-WUCC,2018,HAVOC,SGP,,All,Women,A-W,,,,,,,,,,,,1.90,1.90,2.10,2.70,2.30,10.90,,,,,,
2018-WUCC,2018,Iceni,GBR,,All,Women,A-W,,,,,,,,,,,,1.90,2.10,2.40,2.40,2.10,10.90,,,,,,
2018-WUCC,2018,KFUM Orebro Frisbee,SWE,,All,Women,A-W,,,,,,,,,,,,2.00,1.90,2.30,2.70,2.00,10.90,,,,,,
2018-WUCC,2018,Fusion,CAN,,All,Women,A-W,,,,,,,,,,,,2.11,2.11,2.11,2.44,2.11,10.88,,,,,,
2018-WUCC,2018,Seagulls,GER,,All,Women,A-W,,,,,,,,,,,,2.00,2.00,2.11,2.44,2.11,10.66,,,,,,
2018-WUCC,2018,Molly Brown Ultimate,USA,,All,Women,A-W,,,,,,,,,,,,2.00,2.00,2.33,2.44,1.89,10.66,,,,,,
2018-WUCC,2018,Helsinki Ultimate,FIN,,All,Women,A-W,,,,,,,,,,,,1.89,2.00,1.78,2.89,2.11,10.67,,,,,,
2018-WUCC,2018,Iris,CAN,,All,Women,A-W,,,,,,,,,,,,1.90,1.90,2.20,2.40,2.20,10.60,,,,,,
2018-WUCC,2018,Ellipsis,AUS,,All,Women,A-W,,,,,,,,,,,,2.20,1.90,2.40,2.00,2.10,10.60,,,,,,
2018-WUCC,2018,HUCK,JPN,,All,Women,A-W,,,,,,,,,,,,1.78,2.11,2.00,2.56,2.11,10.56,,,,,,
2018-WUCC,2018,Seattle Riot,USA,,All,Women,A-W,,,,,,,,,,,,2.00,1.80,2.10,2.50,2.10,10.50,,,,,,
2018-WUCC,2018,YAKA,FRA,,All,Women,A-W,,,,,,,,,,,,2.11,2.00,2.00,2.00,2.33,10.44,,,,,,
2018-WUCC,2018,Gentleladies,BEL,,All,Women,A-W,,,,,,,,,,,,1.89,1.89,2.22,2.44,2.00,10.44,,,,,,
2018-WUCC,2018,SYC,GBR,,All,Women,A-W,,,,,,,,,,,,2.00,2.11,1.78,2.33,2.22,10.44,,,,,,
2018-WUCC,2018,Atlanta Ozone,USA,,All,Women,A-W,,,,,,,,,,,,1.89,1.89,2.11,2.33,2.22,10.44,,,,,,
2018-WUCC,2018,Swampybarg,JPN,,All,Women,A-W,,,,,,,,,,,,2.00,1.80,1.80,2.50,2.30,10.40,,,,,,
2018-WUCC,2018,Malafama,MEX,,All,Women,A-W,,,,,,,,,,,,1.70,1.90,2.30,2.30,2.20,10.40,,,,,,
2018-WUCC,2018,Fury,USA,,All,Women,A-W,,,,,,,,,,,,2.00,1.67,2.22,2.44,2.00,10.33,,,,,,
2018-WUCC,2018,FABulous,SUI,,All,Women,A-W,,,,,,,,,,,,2.00,2.00,2.11,2.00,2.22,10.33,,,,,,
2018-WUCC,2018,Atletico,FIN,,All,Women,A-W,,,,,,,,,,,,2.00,2.00,1.80,2.30,2.20,10.30,,,,,,
2018-WUCC,2018,UNO,JPN,,All,Women,A-W,,,,,,,,,,,,1.89,1.89,2.11,2.44,1.89,10.22,,,,,,
2018-WUCC,2018,Sirens,CHN,,All,Women,A-W,,,,,,,,,,,,1.90,1.70,2.00,2.40,2.20,10.20,,,,,,
2018-WUCC,2018,MUD,JPN,,All,Women,A-W,,,,,,,,,,,,1.90,1.80,1.90,2.40,2.20,10.20,,,,,,
2018-WUCC,2018,ZUF,SUI,,All,Women,A-W,,,,,,,,,,,,1.89,2.00,1.89,2.22,2.00,10.00,,,,,,
2018-WUCC,2018,Diaone Kumay,TPE,,All,Women,A-W,,,,,,,,,,,,1.56,1.89,2.00,2.44,2.00,9.89,,,,,,
2018-WUCC,2018,Boston Brute Club,USA,,All,Women,A-W,,,,,,,,,,,,2.00,1.67,1.89,2.11,2.11,9.78,,,,,,
2018-WUCC,2018,Troubles,POL,,All,Women,A-W,,,,,,,,,,,,1.80,1.90,1.80,2.10,2.10,9.70,,,,,,
2018-WUCC,2018,Bamboo,COL,,All,Women,A-W,,,,,,,,,,,,1.70,1.60,2.00,2.40,2.00,9.70,,,,,,
2018-WUCC,2018,Traffic,CAN,,All,Women,A-W,,,,,,,,,,,,1.50,2.00,2.10,1.80,1.90,9.30,,,,,,
2018-WUCC,2018,CUSB SHOUT,ITA,,All,Women,A-W,,,,,,,,,,,,1.56,1.78,1.67,2.11,1.89,9.01,,,,,,
2018-WUCC,2018,Brilliance,RUS,,All,Women,A-W,,,,,,,,,,,,1.70,1.30,1.80,1.70,1.90,8.40,,,,,,
2018-WUCC,2018,AeroSoul,COL,,All,Women,A-W,,,,,,,,,,,,1.44,1.78,1.44,2.11,1.56,8.33,,,,,,
2018-WUCC,2018,Flying Rabbits Ulti Club,BEL,,All,Mixed,A-X,,,,,,,,,,,,2.11,2.11,3.00,3.33,2.89,13.44,,,,,,
2018-WUCC,2018,Black Sheep,NZL,,All,Mixed,A-X,,,,,,,,,,,,2.11,2.22,2.89,3.11,2.56,12.89,,,,,,
2018-WUCC,2018,Marvelous DC,NZL,,All,Mixed,A-X,,,,,,,,,,,,2.22,2.44,2.56,2.78,2.78,12.78,,,,,,
2018-WUCC,2018,Vanguard,AUS,,All,Mixed,A-X,,,,,,,,,,,,2.22,1.78,3.00,2.44,2.89,12.33,,,,,,
2018-WUCC,2018,Sesquidistus,FRA,,All,Mixed,A-X,,,,,,,,,,,,2.30,2.20,2.30,2.50,2.50,11.80,,,,,,
2018-WUCC,2018,Seattle Mixtape,USA,,All,Mixed,A-X,,,,,,,,,,,,2.22,2.22,2.44,2.56,2.33,11.77,,,,,,
2018-WUCC,2018,Pie Wagon,AUS,,All,Mixed,A-X,,,,,,,,,,,,2.11,2.11,2.44,2.44,2.44,11.54,,,,,,
2018-WUCC,2018,AMP,USA,,All,Mixed,A-X,,,,,,,,,,,,2.00,2.11,2.56,2.56,2.33,11.56,,,,,,
2018-WUCC,2018,Reading Ultimate,GBR,,All,Mixed,A-X,,,,,,,,,,,,2.00,2.00,2.22,2.67,2.67,11.56,,,,,,
2018-WUCC,2018,IKU,JPN,,All,Mixed,A-X,,,,,,,,,,,,2.00,2.11,2.44,2.78,2.11,11.44,,,,,,
2018-WUCC,2018,Sugar  Mix,GER,,All,Mixed,A-X,,,,,,,,,,,,2.30,2.10,2.20,2.50,2.30,11.40,,,,,,
2018-WUCC,2018,BFG,USA,,All,Mixed,A-X,,,,,,,,,,,,2.00,2.00,2.30,2.60,2.50,11.40,,,,,,
2018-WUCC,2018,Flying Tigers,RSA,,All,Mixed,A-X,,,,,,,,,,,,2.00,2.00,2.67,2.22,2.44,11.33,,,,,,
2018-WUCC,2018,NEON,HKG,,All,Mixed,A-X,,,,,,,,,,,,1.89,1.89,2.44,2.67,2.33,11.22,,,,,,
2018-WUCC,2018,Colorado,GER,,All,Mixed,A-X,,,,,,,,,,,,1.89,2.11,2.00,2.78,2.44,11.22,,,,,,
2018-WUCC,2018,Freakshow,SGP,,All,Mixed,A-X,,,,,,,,,,,,2.00,1.56,2.11,2.89,2.67,11.23,,,,,,
2018-WUCC,2018,Crash,CAN,,All,Mixed,A-X,,,,,,,,,,,,2.00,2.11,2.11,2.78,2.22,11.22,,,,,,
2018-WUCC,2018,Chickies,SGP,,All,Mixed,A-X,,,,,,,,,,,,1.90,2.40,2.40,2.30,2.20,11.20,,,,,,
2018-WUCC,2018,Panthers Bern,SUI,,All,Mixed,A-X,,,,,,,,,,,,2.00,1.89,2.33,2.56,2.33,11.11,,,,,,
2018-WUCC,2018,Hassliche Erdferkel,GER,,All,Mixed,A-X,,,,,,,,,,,,1.89,2.00,2.22,2.44,2.56,11.11,,,,,,
2018-WUCC,2018,Café de Luida,JPN,,All,Mixed,A-X,,,,,,,,,,,,1.78,2.11,2.00,3.11,2.00,11.00,,,,,,
2018-WUCC,2018,Shinshu Loose,JPN,,All,Mixed,A-X,,,,,,,,,,,,1.80,1.70,2.50,2.90,2.10,11.00,,,,,,
2018-WUCC,2018,Wild Card,USA,,All,Mixed,A-X,,,,,,,,,,,,1.78,1.89,2.44,2.44,2.44,10.99,,,,,,
2018-WUCC,2018,Disco Sour,CHI,,All,Mixed,A-X,,,,,,,,,,,,2.00,1.89,2.00,2.89,2.11,10.89,,,,,,
2018-WUCC,2018,Slow White,USA,,All,Mixed,A-X,,,,,,,,,,,,2.00,1.90,2.30,2.30,2.30,10.80,,,,,,
2018-WUCC,2018,Stall7,IND,,All,Mixed,A-X,,,,,,,,,,,,1.67,2.22,2.22,2.56,2.11,10.78,,,,,,
2018-WUCC,2018,Anchor,CAN,,All,Mixed,A-X,,,,,,,,,,,,2.00,1.89,2.22,2.22,2.44,10.77,,,,,,
2018-WUCC,2018,Argentina Ulti Club,ARG,,All,Mixed,A-X,,,,,,,,,,,,1.78,1.89,2.00,2.67,2.33,10.67,,,,,,
2018-WUCC,2018,SMOG,GBR,,All,Mixed,A-X,,,,,,,,,,,,2.00,1.70,2.10,2.50,2.30,10.60,,,,,,
2018-WUCC,2018,BOOM!,KOR,,All,Mixed,A-X,,,,,,,,,,,,2.00,2.00,2.22,2.33,2.00,10.55,,,,,,
2018-WUCC,2018,GRUT,NED,,All,Mixed,A-X,,,,,,,,,,,,2.10,1.80,2.20,2.20,2.20,10.50,,,,,,
2018-WUCC,2018,Kisumu Frisbee Club,KEN,,All,Mixed,A-X,,,,,,,,,,,,1.78,2.11,2.22,2.44,1.89,10.44,,,,,,
2018-WUCC,2018,Friskee,AUS,,All,Mixed,A-X,,,,,,,,,,,,1.89,1.78,2.44,2.11,2.22,10.44,,,,,,
2018-WUCC,2018,Charrua,URU,,All,Mixed,A-X,,,,,,,,,,,,1.78,2.11,2.22,2.33,1.89,10.33,,,,,,
2018-WUCC,2018,Wizards,SUI,,All,Mixed,A-X,,,,,,,,,,,,2.11,2.22,2.00,2.11,1.89,10.33,,,,,,
2018-WUCC,2018,RusMixed,RUS,,All,Mixed,A-X,,,,,,,,,,,,1.78,2.33,2.00,2.11,1.89,10.11,,,,,,
2018-WUCC,2018,Discterics,ESP,,All,Mixed,A-X,,,,,,,,,,,,2.00,1.89,2.22,2.11,1.78,10.00,,,,,,
2018-WUCC,2018,Glasgow Ultimate,GBR,,All,Mixed,A-X,,,,,,,,,,,,1.89,1.78,1.89,2.33,1.89,9.78,,,,,,
2018-WUCC,2018,Yanomami,VEN,,All,Mixed,A-X,,,,,,,,,,,,1.56,1.67,1.78,2.33,2.22,9.56,,,,,,
2018-WUCC,2018,Mulatto,PHI,,All,Mixed,A-X,,,,,,,,,,,,1.78,1.78,1.89,2.22,1.89,9.56,,,,,,
2018-WUCC,2018,Banana Cutters,CAN,,All,Mixed,A-X,,,,,,,,,,,,2.00,1.78,1.78,1.89,2.00,9.45,,,,,,
2018-WUCC,2018,Macondo,COL,,All,Mixed,A-X,,,,,,,,,,,,1.70,1.70,2.10,2.10,1.80,9.40,,,,,,
2018-WUCC,2018,Condor Ultimate,MEX,,All,Mixed,A-X,,,,,,,,,,,,1.78,1.33,2.00,2.22,2.00,9.33,,,,,,
2018-WUCC,2018,Black Eagles,GBR,,All,Mixed,A-X,,,,,,,,,,,,1.89,1.56,2.00,1.89,2.00,9.34,,,,,,
2018-WUCC,2018,Mubidisk,ESP,,All,Mixed,A-X,,,,,,,,,,,,1.67,1.67,1.78,1.89,1.78,8.79,,,,,,
2018-WUCC,2018,Battleship,CAN,,All,Mixed,A-X,,,,,,,,,,,,1.67,1.78,1.44,2.00,1.67,8.56,,,,,,
2018-WUCC,2018,Voltaje,COL,,All,Mixed,A-X,,,,,,,,,,,,1.44,1.56,1.56,2.11,1.78,8.45,,,,,,
2018-WUCC,2018,Urosoul,COL,,All,Mixed,A-X,,,,,,,,,,,,1.40,1.70,1.50,1.50,1.70,7.80,,,,,,
2017-AAUCC,2017,Impala,UGA,,All,Mixed,A-X,,,,,,,,,,,,2.18,2.18,2.18,2.18,2.18,10.89,,,,,,
2017-AAUCC,2017,Nairobi,KEN,,All,Mixed,A-X,,,,,,,,,,,,2.42,2.42,2.42,2.42,2.42,12.11,,,,,,
2017-AAUCC,2017,Ghost,RSA,,All,Mixed,A-X,,,,,,,,,,,,2.64,2.64,2.64,2.64,2.64,13.22,,,,,,
2017-AAUCC,2017,University of Cape Town,RSA,,All,Mixed,A-X,,,,,,,,,,,,2.69,2.69,2.69,2.69,2.69,13.44,,,,,,
2017-AAUCC,2017,Kisumu,KEN,,All,Mixed,A-X,,,,,,,,,,,,1.98,1.98,1.98,1.98,1.98,9.89,,,,,,
2017-AAUCC,2017,Magnum Opus,UGA,,All,Mixed,A-X,,,,,,,,,,,,1.71,1.71,1.71,1.71,1.71,8.56,,,,,,
2017-AAUCC,2017,Dar Salam,TAN,,All,Mixed,A-X,,,,,,,,,,,,2.47,2.47,2.47,2.47,2.47,12.33,,,,,,
2017-AAUCC,2017,Entebbe,UGA,,All,Mixed,A-X,,,,,,,,,,,,1.31,1.31,1.31,1.31,1.31,6.56,,,,,,
2017-AAUCC,2017,American University in Cairo,EGY,,All,Mixed,A-X,,,,,,,,,,,,2.71,2.71,2.71,2.71,2.71,13.56,,,,,,
2017-AAUCC,2017,Africa United,CUI,,All,Mixed,A-X,,,,,,,,,,,,2.11,2.11,2.11,2.11,2.11,10.56,,,,,,